date,site,tank,rametID,Taxon,RepStatusTF,total_dry_wt,Veg_Weight,Infl_Weight,N_Level_Group,N_level,GeneticID,consistentID,FieldID,gen_checked,Outlier
7/14/16,ESGR,1,1,TYGL,0,17.5,17.5,0,high,27,NA,NA,TYAN?,FALSE,FALSE
7/14/16,ESGR,1,2,TYAN,0,15.8,15.8,0,high,27,NA,NA,TYAN,FALSE,FALSE
7/14/16,ESGR,1,3,TYAN,0,19.8,19.8,0,high,27,NA,NA,TYAN,FALSE,FALSE
7/14/16,ESGR,1,4,TYAN,0,1.5,1.5,0,high,27,NA,NA,TYAN,FALSE,FALSE
7/14/16,ESGR,1,5,TYAN,0,2.6,2.6,0,high,27,NA,NA,TYAN,FALSE,FALSE
7/14/16,ESGR,1,6,TYAN,0,20.3,20.3,0,high,27,NA,NA,TYAN,FALSE,FALSE
7/14/16,ESGR,1,7,TYGL,1,61.5,43.81,17.69,high,27,TYGL,TRUE,TYGL,TRUE,FALSE
7/14/16,ESGR,1,8,TYGL,0,32.5,32.5,0,high,27,TYGL,TRUE,TYGL,TRUE,FALSE
7/14/16,ESGR,1,9,TYGL,0,0.8,0.8,0,high,27,NA,NA,TYGL,FALSE,FALSE
7/13/16,ESGR,2,1,TYAN,0,0.3,0.3,0,low,1.5,NA,NA,TYAN,FALSE,FALSE
7/13/16,ESGR,2,2,TYGL,0,10,10,0,low,1.5,NA,NA,TYGL,FALSE,FALSE
7/13/16,ESGR,2,3,TYAN,0,3.4,3.4,0,low,1.5,NA,NA,TYAN,FALSE,FALSE
7/13/16,ESGR,2,4,TYAN,0,1,1,0,low,1.5,NA,NA,TYAN,FALSE,FALSE
7/14/16,ESGR,3,1,TYAN,0,4.9,4.9,0,high,33,NA,NA,TYAN,FALSE,FALSE
7/14/16,ESGR,3,4,TYAN,0,5.8,5.8,0,high,33,NA,NA,TYAN,FALSE,FALSE
7/14/16,ESGR,3,5,TYGL,0,5.2,5.2,0,high,33,NA,NA,TYGL?,FALSE,FALSE
7/14/16,ESGR,3,6,TYAN,0,3.1,3.1,0,high,33,NA,NA,TYAN,FALSE,FALSE
7/14/16,ESGR,3,7,TYAN,1,17.4,12.68,4.72,high,33,NA,NA,TYAN,FALSE,FALSE
7/14/16,ESGR,3,8,TYAN,0,6.1,6.1,0,high,33,NA,NA,TYAN,FALSE,FALSE
7/14/16,ESGR,3,10,TYAN,0,18.4,18.4,0,high,33,NA,NA,TYAN,FALSE,FALSE
7/14/16,ESGR,3,11,TYAN,0,7.4,7.4,0,high,33,NA,NA,TYAN,FALSE,FALSE
7/14/16,ESGR,3,12,TYAN,0,5.2,5.2,0,high,33,NA,NA,TYAN,FALSE,FALSE
7/14/16,ESGR,3,13,TYAN,0,1,1,0,high,33,NA,NA,TYAN,FALSE,FALSE
7/14/16,ESGR,3,14,TYAN,0,4.1,4.1,0,high,33,NA,NA,TYAN,FALSE,FALSE
7/14/16,ESGR,3,15,TYAN,1,21.1,14.24,6.86,high,33,TYAN,TRUE,TYAN,TRUE,FALSE
7/14/16,ESGR,3,16,TYAN,0,19.2,19.2,0,high,33,NA,NA,TYAN,FALSE,FALSE
7/14/16,ESGR,3,17,TYAN,1,18.6,12.84,5.76,high,33,TYAN,TRUE,TYAN,TRUE,FALSE
7/14/16,ESGR,3,18,TYAN,1,24.6,16.84,7.76,high,33,NA,NA,TYAN,FALSE,FALSE
7/14/16,ESGR,3,19,TYAN,0,12.6,12.6,0,high,33,NA,NA,TYAN,FALSE,FALSE
7/14/16,ESGR,10,1,TYGL,0,19.1,19.1,0,low,3,TYGL,TRUE,TYGL,TRUE,FALSE
7/14/16,ESGR,10,2,TYGL,0,12.2,12.2,0,low,3,TYGL,FALSE,TYAN,TRUE,FALSE
7/14/16,ESGR,10,3,TYGL,1,34.1,24.63,9.47,low,3,TYGL,TRUE,TYGL,TRUE,FALSE
7/14/16,ESGR,10,4,TYAN,0,7.1,7.1,0,low,3,NA,NA,TYAN,FALSE,FALSE
7/11/16,ESGR,11,1,TYLA,0,0.8,0.8,0,med,12,TYLA,FALSE,TYAN,TRUE,FALSE
7/11/16,ESGR,11,2,TYAN,1,19.9,13.61,6.29,med,12,NA,NA,TYAN,FALSE,FALSE
7/11/16,ESGR,11,4,TYAN,1,17.1,11.06,6.04,med,12,NA,NA,TYAN,FALSE,FALSE
7/11/16,ESGR,11,5,TYLA,0,7.4,7.4,0,med,12,TYLA,FALSE,TYGL,TRUE,FALSE
7/11/16,ESGR,11,6,TYGL,0,6.3,6.3,0,med,12,NA,NA,TYGL,FALSE,FALSE
7/11/16,ESGR,12,1,TYGL,0,1.9,1.9,0,high,45,NA,NA,TYGL?,FALSE,FALSE
7/11/16,ESGR,12,2,TYGL,0,2,2,0,high,45,NA,NA,TYGL?,FALSE,FALSE
7/11/16,ESGR,12,3,TYGL,0,35.7,35.7,0,high,45,NA,NA,TYGL?,FALSE,FALSE
7/11/16,ESGR,12,4,TYGL,0,38.5,38.5,0,high,45,NA,NA,TYGL?,FALSE,FALSE
7/11/16,ESGR,12,5,TYGL,0,1.5,1.5,0,high,45,NA,NA,TYGL?,FALSE,FALSE
7/11/16,ESGR,12,6,TYGL,0,21.6,21.6,0,high,45,NA,NA,TYGL?,FALSE,FALSE
7/11/16,ESGR,12,7,TYGL,0,6.4,6.4,0,high,45,NA,NA,TYGL?,FALSE,FALSE
7/11/16,ESGR,12,8,TYGL,0,23.6,23.6,0,high,45,NA,NA,TYGL?,FALSE,FALSE
7/11/16,ESGR,12,9,TYGL,0,2.3,2.3,0,high,45,NA,NA,TYGL?,FALSE,FALSE
7/11/16,ESGR,12,10,TYLA,0,48.1,48.1,0,high,45,TYLA,TRUE,TYLA?,TRUE,FALSE
7/11/16,ESGR,12,13,TYGL,0,28.9,28.9,0,high,45,NA,NA,TYGL?,FALSE,FALSE
7/11/16,ESGR,12,14,TYLA,0,55.3,55.3,0,high,45,TYLA,TRUE,TYLA?,TRUE,FALSE
7/11/16,ESGR,12,15,TYGL,0,19.9,19.9,0,high,45,NA,NA,TYGL?,FALSE,FALSE
7/11/16,ESGR,12,16,TYGL,0,5.5,5.5,0,high,45,NA,NA,TYGL?,FALSE,FALSE
7/11/16,ESGR,12,17,TYGL,0,4.9,4.9,0,high,45,NA,NA,TYGL?,FALSE,FALSE
7/11/16,ESGR,12,18,TYGL,0,10.1,10.1,0,high,45,NA,NA,TYGL?,FALSE,FALSE
7/11/16,ESGR,12,19,TYLA,0,56.8,56.8,0,high,45,TYLA,TRUE,TYLA?,TRUE,FALSE
7/11/16,ESGR,12,20,TYGL,0,23.5,23.5,0,high,45,NA,NA,TYGL?,FALSE,FALSE
7/11/16,ESGR,12,21,TYGL,0,0.6,0.6,0,high,45,NA,NA,TYGL?,FALSE,FALSE
7/11/16,ESGR,12,22,TYGL,0,40.9,40.9,0,high,45,NA,NA,TYGL?,FALSE,FALSE
7/11/16,ESGR,12,23,TYGL,0,0.9,0.9,0,high,45,NA,NA,TYGL?,FALSE,FALSE
7/11/16,ESGR,12,24,TYLA,0,66.9,66.9,0,high,45,TYLA,FALSE,TYGL?,TRUE,FALSE
7/11/16,ESGR,12,25,TYGL,0,32.7,32.7,0,high,45,NA,NA,TYGL?,FALSE,FALSE
7/11/16,ESGR,12,26,TYGL,0,8.7,8.7,0,high,45,NA,NA,TYGL?,FALSE,FALSE
7/11/16,ESGR,12,27,TYGL,1,46.8,36.08,10.72,high,45,TYGL,TRUE,TYGL?,TRUE,FALSE
7/11/16,ESGR,12,28,TYGL,0,20.1,20.1,0,high,45,NA,NA,TYGL?,FALSE,FALSE
7/11/16,ESGR,12,29,TYGL,1,49.9,39.03,10.87,high,45,TYGL,TRUE,TYGL?,TRUE,FALSE
7/11/16,ESGR,12,30,TYGL,0,30.8,30.8,0,high,45,NA,NA,TYGL?,FALSE,FALSE
7/11/16,ESGR,12,31,TYGL,0,1.4,1.4,0,high,45,NA,NA,TYGL?,FALSE,FALSE
7/11/16,ESGR,12,32,TYGL,0,24.3,24.3,0,high,45,NA,NA,TYGL?,FALSE,FALSE
7/11/16,ESGR,12,33,TYGL,0,14.7,14.7,0,high,45,NA,NA,TYGL?,FALSE,FALSE
7/11/16,ESGR,12,34,TYGL,1,53.5,41.8,11.7,high,45,TYGL,TRUE,TYGL?,TRUE,FALSE
7/11/16,ESGR,12,35,TYGL,0,23.7,23.7,0,high,45,NA,NA,TYGL?,FALSE,FALSE
7/11/16,ESGR,12,36,TYGL,0,21.4,21.4,0,high,45,NA,NA,TYGL?,FALSE,FALSE
7/11/16,ESGR,12,37,TYGL,0,21.5,21.5,0,high,45,NA,NA,TYGL?,FALSE,FALSE
7/11/16,ESGR,12,38,TYGL,0,29.8,29.8,0,high,45,NA,NA,TYGL?,FALSE,FALSE
7/11/16,ESGR,12,39,TYGL,0,12.3,12.3,0,high,45,NA,NA,TYGL?,FALSE,FALSE
7/11/16,ESGR,12,40,TYGL,1,47.1,37.15,9.95,high,45,TYGL,TRUE,TYGL?,TRUE,FALSE
7/11/16,ESGR,12,41,TYGL,0,12.8,12.8,0,high,45,NA,NA,TYAN?,FALSE,FALSE
7/11/16,ESGR,12,42,TYGL,0,1.6,1.6,0,high,45,NA,NA,TYAN?,FALSE,FALSE
7/11/16,ESGR,12,43,TYGL,0,27.6,27.6,0,high,45,NA,NA,TYAN?,FALSE,FALSE
7/11/16,ESGR,12,44,TYGL,0,21.3,21.3,0,high,45,NA,NA,TYAN?,FALSE,FALSE
7/11/16,ESGR,12,45,TYLA,1,83.97,71.19,12.78,high,45,TYLA,FALSE,TYAN?,TRUE,TRUE
7/11/16,ESGR,12,46,TYLA,1,71.78,58.13,13.65,high,45,TYLA,FALSE,TYAN?,TRUE,FALSE
7/11/16,ESGR,12,47,TYGL,0,2.8,2.8,0,high,45,NA,NA,TYAN?,FALSE,FALSE
7/11/16,ESGR,12,48,TYGL,0,1.4,1.4,0,high,45,NA,NA,TYAN?,FALSE,FALSE
7/11/16,ESGR,12,49,TYLA,1,76.03,62.16,13.87,high,45,TYLA,FALSE,TYAN?,TRUE,FALSE
7/11/16,ESGR,12,50,TYLA,1,75.68,63.72,11.96,high,45,TYLA,FALSE,TYAN?,TRUE,TRUE
7/11/16,ESGR,12,51,TYGL,0,2.1,2.1,0,high,45,NA,NA,TYAN?,FALSE,FALSE
7/11/16,ESGR,12,52,TYGL,0,4.4,4.4,0,high,45,NA,NA,TYAN?,FALSE,FALSE
7/11/16,ESGR,12,53,TYGL,1,57.1,45.93,11.17,high,45,TYGL,TRUE,TYAN?,TRUE,FALSE
7/11/16,ESGR,12,54,TYGL,1,59.3,47.71,11.59,high,45,TYGL,TRUE,TYAN?,TRUE,FALSE
7/11/16,ESGR,12,55,TYGL,0,6.9,6.9,0,high,45,NA,NA,TYAN?,FALSE,FALSE
7/11/16,ESGR,12,56,TYGL,0,23.8,23.8,0,high,45,NA,NA,TYAN?,FALSE,FALSE
7/11/16,ESGR,12,57,TYGL,0,50.2,50.2,0,high,45,NA,NA,TYAN?,FALSE,FALSE
7/11/16,ESGR,12,58,TYGL,0,7.2,7.2,0,high,45,NA,NA,TYAN?,FALSE,FALSE
7/11/16,ESGR,12,59,TYGL,0,12.7,12.7,0,high,45,NA,NA,TYAN?,FALSE,FALSE
7/11/16,ESGR,12,60,TYGL,0,9.8,9.8,0,high,45,NA,NA,TYAN?,FALSE,FALSE
7/11/16,ESGR,12,61,TYGL,0,16.1,16.1,0,high,45,NA,NA,TYAN?,FALSE,FALSE
7/11/16,ESGR,12,62,TYLA,0,29.1,29.1,0,high,45,TYLA,FALSE,TYAN?,TRUE,FALSE
7/11/16,ESGR,12,63,TYGL,0,36.4,36.4,0,high,45,NA,NA,TYAN?,FALSE,FALSE
7/11/16,ESGR,12,64,TYGL,0,19.1,19.1,0,high,45,NA,NA,TYAN?,FALSE,FALSE
7/11/16,ESGR,12,65,TYGL,0,38.7,38.7,0,high,45,NA,NA,TYAN?,FALSE,FALSE
7/11/16,ESGR,12,66,TYGL,0,33.4,33.4,0,high,45,NA,NA,TYAN?,FALSE,FALSE
7/11/16,ESGR,12,67,TYGL,0,0.6,0.6,0,high,45,NA,NA,TYAN?,FALSE,FALSE
7/11/16,ESGR,12,68,TYGL,0,2.5,2.5,0,high,45,NA,NA,TYAN?,FALSE,FALSE
7/11/16,ESGR,12,69,TYLA,0,30.9,30.9,0,high,45,TYLA,TRUE,TYLA?,TRUE,FALSE
7/11/16,ESGR,12,70,TYLA,0,5.2,5.2,0,high,45,TYLA,TRUE,TYLA?,TRUE,FALSE
7/11/16,ESGR,12,71,TYLA,0,11.1,11.1,0,high,45,NA,NA,TYLA?,FALSE,FALSE
7/11/16,ESGR,12,72,TYLA,0,2.7,2.7,0,high,45,NA,NA,TYLA?,FALSE,FALSE
7/11/16,ESGR,12,77,TYGL,0,42.3,42.3,0,high,45,NA,NA,TYGL?,FALSE,FALSE
7/11/16,ESGR,12,78,TYGL,0,4.1,4.1,0,high,45,NA,NA,TYGL?,FALSE,FALSE
7/11/16,ESGR,12,79,TYGL,0,6.5,6.5,0,high,45,NA,NA,TYGL?,FALSE,FALSE
7/11/16,ESGR,12,80,TYGL,0,10.3,10.3,0,high,45,NA,NA,TYGL?,FALSE,FALSE
7/11/16,ESGR,12,81,TYGL,0,2.9,2.9,0,high,45,NA,NA,TYGL?,FALSE,FALSE
7/11/16,ESGR,12,82,TYGL,0,4.5,4.5,0,high,45,NA,NA,TYGL?,FALSE,FALSE
7/11/16,ESGR,12,83,TYGL,0,0.4,0.4,0,high,45,NA,NA,TYGL?,FALSE,FALSE
7/11/16,ESGR,12,84,TYGL,0,5.5,5.5,0,high,45,NA,NA,TYGL?,FALSE,FALSE
7/11/16,ESGR,12,85,TYGL,0,1.5,1.5,0,high,45,NA,NA,TYGL,FALSE,FALSE
7/11/16,ESGR,12,86,TYGL,0,1.9,1.9,0,high,45,NA,NA,TYGL,FALSE,FALSE
7/11/16,ESGR,12,87,TYGL,0,13.5,13.5,0,high,45,NA,NA,TYGL?,FALSE,FALSE
7/11/16,ESGR,12,88,TYGL,0,25.8,25.8,0,high,45,NA,NA,TYGL?,FALSE,FALSE
7/11/16,ESGR,12,89,TYGL,0,0.5,0.5,0,high,45,NA,NA,TYGL?,FALSE,FALSE
7/11/16,ESGR,12,91,TYGL,0,2.9,2.9,0,high,45,NA,NA,TYGL?,FALSE,FALSE
7/11/16,ESGR,12,92,TYGL,0,2.2,2.2,0,high,45,NA,NA,TYGL?,FALSE,FALSE
7/11/16,ESGR,12,93,TYGL,0,4.2,4.2,0,high,45,NA,NA,TYGL?,FALSE,FALSE
7/11/16,ESGR,12,94,TYGL,0,5.2,5.2,0,high,45,NA,NA,TYGL?,FALSE,FALSE
7/11/16,ESGR,12,95,TYGL,0,45.3,45.3,0,high,45,NA,NA,TYGL?,FALSE,FALSE
7/11/16,ESGR,12,96,TYGL,0,2.4,2.4,0,high,45,NA,NA,TYGL?,FALSE,FALSE
7/11/16,ESGR,12,97,TYGL,0,25.3,25.3,0,high,45,NA,NA,TYGL?,FALSE,FALSE
7/11/16,ESGR,12,99,TYGL,0,0.3029,0.3029,0,high,45,NA,NA,TYGL?,FALSE,FALSE
7/12/16,ESGR,12,201,TYGL,0,0.2,0.2,0,high,45,NA,NA,TYGL?,FALSE,FALSE
7/12/16,ESGR,12,202,TYGL,0,0.3,0.3,0,high,45,NA,NA,TYGL?,FALSE,FALSE
7/12/16,ESGR,12,203,TYGL,0,3.7,3.7,0,high,45,NA,NA,TYGL,FALSE,FALSE
7/12/16,ESGR,12,204,TYGL,0,4.7,4.7,0,high,45,NA,NA,TYGL,FALSE,FALSE
7/12/16,ESGR,12,205,TYGL,0,22.7,22.7,0,high,45,NA,NA,TYGL?,FALSE,FALSE
7/12/16,ESGR,12,206,TYGL,0,6.2,6.2,0,high,45,NA,NA,TYGL?,FALSE,FALSE
7/12/16,ESGR,12,207,TYGL,0,1,1,0,high,45,TYGL,TRUE,TYGL,TRUE,FALSE
7/12/16,ESGR,15,1,TYLA,0,36.9,36.9,0,high,39,TYLA,TRUE,TYLA,TRUE,FALSE
7/12/16,ESGR,15,2,TYGL,0,50.8,50.8,0,high,39,NA,NA,TYGL,FALSE,FALSE
7/12/16,ESGR,15,3,TYGL,0,1.5,1.5,0,high,39,NA,NA,TYAN?,FALSE,FALSE
7/12/16,ESGR,15,4,TYGL,0,36.4,36.4,0,high,39,TYGL,TRUE,TYGL,TRUE,FALSE
7/12/16,ESGR,15,5,TYGL,0,25.3,25.3,0,high,39,NA,NA,TYGL,FALSE,FALSE
7/12/16,ESGR,15,6,TYGL,1,69.6,56.78,12.82,high,39,TYGL,TRUE,TYGL,TRUE,FALSE
7/12/16,ESGR,15,7,TYGL,0,40.9,40.9,0,high,39,NA,NA,TYGL,FALSE,FALSE
7/12/16,ESGR,15,8,TYGL,0,1.9,1.9,0,high,39,NA,NA,TYGL,FALSE,FALSE
7/12/16,ESGR,15,9,TYGL,0,33.8,33.8,0,high,39,NA,NA,TYGL,FALSE,FALSE
7/12/16,ESGR,15,10,TYAN,0,7.5,7.5,0,high,39,TYAN,TRUE,TYAN,TRUE,FALSE
7/12/16,ESGR,15,11,TYGL,0,20.9,20.9,0,high,39,NA,NA,TYAN?,FALSE,FALSE
7/12/16,ESGR,15,12,TYGL,0,8.9,8.9,0,high,39,NA,NA,TYGL,FALSE,FALSE
7/12/16,ESGR,15,13,TYGL,0,0.5,0.5,0,high,39,NA,NA,TYGL,FALSE,FALSE
7/12/16,ESGR,15,14,TYGL,0,0.1,0.1,0,high,39,NA,NA,TYGL,FALSE,FALSE
7/12/16,ESGR,15,15,TYGL,0,0.8,0.8,0,high,39,NA,NA,TYGL,FALSE,FALSE
7/14/16,ESGR,16,1,TYGL,0,15.8,15.8,0,med,15,NA,NA,TYGL,FALSE,FALSE
7/14/16,ESGR,16,2,TYGL,1,63.1,50.23,12.87,med,15,TYGL,TRUE,TYGL,TRUE,FALSE
7/14/16,ESGR,16,3,TYGL,1,74.8,60.96,13.84,med,15,TYGL,FALSE,TYAN,TRUE,TRUE
7/14/16,ESGR,16,4,TYGL,0,0.4,0.4,0,med,15,TYGL,FALSE,TYAN,TRUE,FALSE
7/14/16,ESGR,16,5,TYGL,1,62.6,51.71,10.89,med,15,TYGL,TRUE,TYGL,TRUE,FALSE
7/14/16,ESGR,16,6,TYAN,1,12.8,8.99,3.81,med,15,TYAN,TRUE,TYAN,TRUE,FALSE
7/14/16,ESGR,16,7,TYGL,0,1.01,1.01,0,med,15,NA,NA,TYGL,FALSE,FALSE
7/14/16,ESGR,16,8,TYGL,0,41.1,41.1,0,med,15,TYGL,TRUE,TYGL,TRUE,FALSE
7/14/16,ESGR,16,9,TYGL,1,25.6,20.49,5.11,med,15,TYGL,TRUE,TYGL,TRUE,FALSE
7/11/16,ESGR,18,1,TYGL,0,0.9,0.9,0,low,0,TYGL,TRUE,TYGL?,TRUE,FALSE
7/11/16,ESGR,18,3,TYGL,0,13,13,0,low,0,NA,NA,TYAN?,FALSE,FALSE
7/11/16,ESGR,18,4,TYGL,0,45.9,45.9,0,low,0,TYGL,TRUE,TYGL,TRUE,FALSE
7/11/16,ESGR,18,6,TYAN,0,5.8,5.8,0,low,0,NA,NA,TYAN,FALSE,FALSE
7/11/16,ESGR,18,7,TYGL,0,18.8,18.8,0,low,0,TYGL,TRUE,TYGL?,TRUE,FALSE
7/11/16,ESGR,18,8,TYGL,0,15.2,15.2,0,low,0,NA,NA,TYAN?,FALSE,FALSE
7/11/16,ESGR,18,9,TYGL,0,0.84,0.84,0,low,0,TYGL,TRUE,TYGL?,TRUE,FALSE
7/11/16,ESGR,18,10,TYAN,0,2.6,2.6,0,low,0,TYAN,TRUE,TYAN,TRUE,FALSE
7/11/16,ESGR,18,11,TYGL,0,0.7,0.7,0,low,0,NA,NA,TYAN?,FALSE,FALSE
7/11/16,ESGR,18,12,TYGL,0,8.4,8.4,0,low,0,TYGL,TRUE,TYGL?,TRUE,FALSE
7/11/16,ESGR,18,14,TYGL,0,14.4,14.4,0,low,0,NA,NA,TYGL?,FALSE,FALSE
7/11/16,ESGR,18,15,TYGL,0,76,76,0,low,0,NA,NA,TYGL,FALSE,FALSE
7/11/16,ESGR,18,17,TYLA,0,0.7,0.7,0,low,0,TYLA,FALSE,TYGL?,TRUE,FALSE
7/11/16,ESGR,18,18,TYGL,0,46.3,46.3,0,low,0,NA,NA,TYGL,FALSE,FALSE
7/11/16,ESGR,18,19,TYGL,0,11.5,11.5,0,low,0,NA,NA,TYGL?,FALSE,FALSE
7/14/16,ESGR,21,1,TYAN,0,5.1,5.1,0,low,3,TYAN,TRUE,TYAN,TRUE,FALSE
7/14/16,ESGR,21,2,TYAN,0,3.4,3.4,0,low,3,NA,NA,TYAN,FALSE,FALSE
7/14/16,ESGR,24,1,TYAN,0,6,6,0,med,9,NA,NA,TYAN,FALSE,FALSE
7/14/16,ESGR,24,2,TYAN,0,8.4,8.4,0,med,9,NA,NA,TYAN,FALSE,FALSE
7/14/16,ESGR,24,3,TYAN,0,10.2,10.2,0,med,9,NA,NA,TYAN,FALSE,FALSE
7/14/16,ESGR,24,4,TYGL,0,21.5,21.5,0,med,9,TYGL,TRUE,TYGL,TRUE,FALSE
7/14/16,ESGR,24,5,TYGL,0,12.1,12.1,0,med,9,NA,NA,TYAN?,FALSE,FALSE
7/14/16,ESGR,24,6,TYAN,1,4.3,2.58,1.72,med,9,TYAN,TRUE,TYAN,TRUE,FALSE
7/14/16,ESGR,24,7,TYGL,0,5,5,0,med,9,TYGL,TRUE,TYGL,TRUE,FALSE
7/14/16,ESGR,24,8,TYGL,1,46.7,38.04,8.66,med,9,TYGL,TRUE,TYGL,TRUE,FALSE
7/14/16,ESGR,24,9,TYAN,0,70.7,70.7,0,med,9,NA,NA,TYAN,FALSE,FALSE
7/14/16,ESGR,24,10,TYAN,0,0.9,0.9,0,med,9,NA,NA,TYAN,FALSE,FALSE
7/12/16,ESGR,25,2,TYAN,0,3,3,0,med,21,NA,NA,TYAN,FALSE,FALSE
7/12/16,ESGR,25,3,TYAN,0,7.8,7.8,0,med,21,NA,NA,TYAN,FALSE,FALSE
7/12/16,ESGR,25,4,TYAN,0,7.6,7.6,0,med,21,NA,NA,TYAN,FALSE,FALSE
7/12/16,ESGR,25,5,TYAN,0,6.4,6.4,0,med,21,NA,NA,TYAN,FALSE,FALSE
7/12/16,ESGR,25,6,TYAN,0,7.8,7.8,0,med,21,NA,NA,TYAN,FALSE,FALSE
7/12/16,ESGR,25,8,TYAN,0,13.1,13.1,0,med,21,NA,NA,TYAN,FALSE,FALSE
7/12/16,ESGR,25,9,TYGL,0,55,55,0,med,21,NA,NA,TYGL?,FALSE,FALSE
7/12/16,ESGR,25,11,TYAN,0,10.7,10.7,0,med,21,NA,NA,TYAN,FALSE,FALSE
7/12/16,ESGR,25,12,TYAN,0,0.3,0.3,0,med,21,NA,NA,TYAN,FALSE,FALSE
7/12/16,ESGR,25,13,TYAN,0,14.1,14.1,0,med,21,NA,NA,TYAN,FALSE,FALSE
7/12/16,ESGR,25,14,TYAN,0,2.14,2.14,0,med,21,NA,NA,TYAN,FALSE,FALSE
7/12/16,ESGR,25,15,TYAN,0,9.4,9.4,0,med,21,NA,NA,TYAN,FALSE,FALSE
7/12/16,ESGR,25,16,TYAN,0,3.8,3.8,0,med,21,NA,NA,TYAN,FALSE,FALSE
7/12/16,ESGR,25,18,TYAN,0,5.7,5.7,0,med,21,NA,NA,TYAN,FALSE,FALSE
7/12/16,ESGR,25,19,TYGL,0,17.8,17.8,0,med,21,NA,NA,TYGL?,FALSE,FALSE
7/12/16,ESGR,25,20,TYLA,1,46.43,42.16,4.27,med,21,TYLA,FALSE,TYGL?,TRUE,TRUE
7/12/16,ESGR,25,21,TYLA,1,70.44,62.82,7.62,med,21,TYLA,TRUE,TYLA?,TRUE,FALSE
7/12/16,ESGR,25,22,TYAN,0,9.8,9.8,0,med,21,NA,NA,TYAN,FALSE,FALSE
7/12/16,ESGR,25,27,TYAN,0,4.2,4.2,0,med,21,NA,NA,TYAN,FALSE,FALSE
7/12/16,ESGR,25,28,TYAN,0,3.5,3.5,0,med,21,NA,NA,TYAN,FALSE,FALSE
7/12/16,ESGR,25,29,TYAN,0,15,15,0,med,21,NA,NA,TYAN,FALSE,FALSE
7/12/16,ESGR,25,30,TYAN,0,8.9,8.9,0,med,21,NA,NA,TYAN,FALSE,FALSE
7/12/16,ESGR,25,31,TYAN,1,3.2,2.44,0.76,med,21,TYAN,TRUE,TYAN,TRUE,FALSE
7/12/16,ESGR,25,32,TYAN,0,5.3,5.3,0,med,21,NA,NA,TYAN,FALSE,FALSE
7/12/16,ESGR,25,33,TYAN,0,0.9,0.9,0,med,21,NA,NA,TYAN,FALSE,FALSE
7/12/16,ESGR,25,34,TYAN,0,0.4,0.4,0,med,21,NA,NA,TYAN,FALSE,FALSE
7/12/16,ESGR,25,35,TYAN,0,3.3,3.3,0,med,21,NA,NA,TYAN,FALSE,FALSE
7/12/16,ESGR,25,36,TYAN,0,7.2,7.2,0,med,21,NA,NA,TYAN,FALSE,FALSE
7/12/16,ESGR,25,37,TYAN,0,4.1,4.1,0,med,21,NA,NA,TYAN,FALSE,FALSE
7/12/16,ESGR,25,41,TYAN,0,1.3,1.3,0,med,21,NA,NA,TYAN,FALSE,FALSE
7/12/16,ESGR,25,43,TYAN,0,3.17,3.17,0,med,21,NA,NA,TYAN,FALSE,FALSE
7/12/16,ESGR,25,45,TYAN,0,10.1,10.1,0,med,21,NA,NA,TYAN,FALSE,FALSE
7/12/16,ESGR,25,46,TYAN,0,4.5,4.5,0,med,21,NA,NA,TYAN,FALSE,FALSE
7/12/16,ESGR,25,47,TYLA,1,66.3,59.78,6.52,med,21,TYLA,TRUE,TYLA,TRUE,FALSE
7/12/16,ESGR,25,48,TYAN,1,14.4,12.67,1.73,med,21,TYAN,TRUE,TYAN,TRUE,FALSE
7/12/16,ESGR,25,50,TYLA,1,94.79,82.74,12.05,med,21,TYLA,FALSE,TYGL?,TRUE,TRUE
7/12/16,ESGR,25,51,TYAN,0,1.6,1.6,0,med,21,NA,NA,TYAN,FALSE,FALSE
7/12/16,ESGR,25,52,TYAN,0,1.9,1.9,0,med,21,NA,NA,TYAN,FALSE,FALSE
7/12/16,ESGR,25,53,TYAN,0,2,2,0,med,21,NA,NA,TYAN,FALSE,FALSE
7/12/16,ESGR,25,55,TYAN,0,3.2,3.2,0,med,21,NA,NA,TYAN,FALSE,FALSE
7/12/16,ESGR,25,56,TYAN,0,10.6,10.6,0,med,21,NA,NA,TYAN,FALSE,FALSE
7/12/16,ESGR,25,57,TYAN,0,1.8,1.8,0,med,21,NA,NA,TYAN,FALSE,FALSE
7/12/16,ESGR,25,59,TYLA,1,84.03,76.66,7.37,med,21,TYLA,TRUE,TYLA,TRUE,FALSE
7/12/16,ESGR,25,60,TYAN,0,10.3,10.3,0,med,21,NA,NA,TYAN,FALSE,FALSE
7/12/16,ESGR,25,61,TYLA,1,86.02,77.21,8.81,med,21,TYLA,TRUE,TYLA,TRUE,FALSE
7/12/16,ESGR,25,62,TYAN,0,3.9,3.9,0,med,21,NA,NA,TYAN,FALSE,FALSE
7/12/16,ESGR,25,63,TYLA,1,66.74,61.95,4.79,med,21,TYLA,TRUE,TYLA?,TRUE,FALSE
7/12/16,ESGR,25,64,TYLA,1,55.77,51.67,4.1,med,21,TYLA,FALSE,TYGL?,TRUE,TRUE
7/12/16,ESGR,25,65,TYLA,1,82.63,74.47,8.16,med,21,TYLA,TRUE,TYLA,TRUE,FALSE
7/12/16,ESGR,25,66,TYAN,0,14.5,14.5,0,med,21,NA,NA,TYAN,FALSE,FALSE
7/12/16,ESGR,25,68,TYAN,0,10.2,10.2,0,med,21,NA,NA,TYAN,FALSE,FALSE
7/12/16,ESGR,25,101,TYAN,0,1.78,1.78,0,med,21,NA,NA,TYAN,FALSE,FALSE
7/12/16,ESGR,25,102,TYAN,0,5.7,5.7,0,med,21,NA,NA,TYAN,FALSE,FALSE
7/12/16,ESGR,25,103,TYAN,0,4.82,4.82,0,med,21,NA,NA,TYAN,FALSE,FALSE
7/12/16,ESGR,25,104,TYLA,1,69.74,61.28,8.46,med,21,TYLA,TRUE,TYLA?,TRUE,FALSE
7/15/16,ESGR,27,1,TYGL,0,10.9,10.9,0,med,27,NA,NA,TYGL,FALSE,FALSE
7/15/16,ESGR,27,2,TYAN,0,5.8,5.8,0,med,27,NA,NA,TYAN,FALSE,FALSE
7/15/16,ESGR,27,3,TYGL,0,38.7,38.7,0,med,27,NA,NA,TYGL,FALSE,FALSE
7/15/16,ESGR,27,4,TYGL,0,36,36,0,med,27,NA,NA,TYGL,FALSE,FALSE
7/15/16,ESGR,27,5,TYGL,0,24.5,24.5,0,med,27,NA,NA,TYGL,FALSE,FALSE
7/15/16,ESGR,27,6,TYGL,0,6.3,6.3,0,med,27,TYGL,TRUE,TYAN?,TRUE,FALSE
7/15/16,ESGR,27,7,TYAN,0,1.5,1.5,0,med,27,NA,NA,TYAN,FALSE,FALSE
7/15/16,ESGR,27,8,TYAN,1,16.6,11.19,5.41,med,27,TYAN,FALSE,TYGL,TRUE,FALSE
7/15/16,ESGR,27,9,TYGL,0,12.2,12.2,0,med,27,NA,NA,TYGL,FALSE,FALSE
7/15/16,ESGR,27,10,TYGL,0,23.1,23.1,0,med,27,NA,NA,TYGL,FALSE,FALSE
7/15/16,ESGR,27,11,TYGL,0,17.9,17.9,0,med,27,NA,NA,TYGL,FALSE,FALSE
7/15/16,ESGR,27,12,TYGL,0,2.2,2.2,0,med,27,NA,NA,TYGL,FALSE,FALSE
7/15/16,ESGR,27,13,TYGL,0,0.2,0.2,0,med,27,TYGL,TRUE,TYGL,TRUE,FALSE
7/15/16,ESGR,27,14,TYAN,0,5.2,5.2,0,med,27,NA,NA,TYAN,FALSE,FALSE
7/15/16,ESGR,27,15,TYAN,0,3.3,3.3,0,med,27,TYAN,TRUE,TYAN,TRUE,FALSE
7/15/16,ESGR,30,1,TYAN,0,3.4,3.4,0,low,1.5,NA,NA,TYAN,FALSE,FALSE
7/15/16,ESGR,30,2,TYGL,0,10.8,10.8,0,low,1.5,NA,NA,TYAN?,FALSE,FALSE
7/15/16,ESGR,30,3,TYAN,0,0.3,0.3,0,low,1.5,NA,NA,TYAN,FALSE,FALSE
7/15/16,ESGR,30,4,TYAN,0,0.94,0.94,0,low,1.5,NA,NA,TYAN,FALSE,FALSE
7/15/16,ESGR,30,5,TYGL,0,0.55,0.55,0,low,1.5,NA,NA,TYAN?,FALSE,FALSE
7/15/16,ESGR,30,7,TYGL,0,18.3,18.3,0,low,1.5,NA,NA,TYAN?,FALSE,FALSE
7/15/16,ESGR,30,8,TYGL,0,0.1,0.1,0,low,1.5,NA,NA,TYAN?,FALSE,FALSE
7/15/16,ESGR,31,1,TYAN,1,21.7,16.88,4.82,med,15,TYAN,TRUE,TYAN,TRUE,FALSE
7/15/16,ESGR,31,2,TYGL,0,31.2,31.2,0,med,15,TYGL,TRUE,TYGL,TRUE,FALSE
7/15/16,ESGR,31,3,TYAN,0,14.7,14.7,0,med,15,NA,NA,TYAN,FALSE,FALSE
7/15/16,ESGR,31,4,TYGL,0,31.7,31.7,0,med,15,NA,NA,TYGL,FALSE,FALSE
7/15/16,ESGR,31,5,TYAN,0,7.6,7.6,0,med,15,NA,NA,TYAN,FALSE,FALSE
7/15/16,ESGR,31,6,TYLA,1,60.92,46.66,14.26,med,15,TYLA,TRUE,TYLA?,TRUE,TRUE
7/15/16,ESGR,31,7,TYAN,0,8.8,8.8,0,med,15,NA,NA,TYAN,FALSE,FALSE
7/15/16,ESGR,31,8,TYGL,0,42.8,42.8,0,med,15,TYGL,TRUE,TYAN?,TRUE,FALSE
7/15/16,ESGR,31,9,TYAN,0,7.4,7.4,0,med,15,NA,NA,TYAN,FALSE,FALSE
7/15/16,ESGR,31,10,TYAN,1,26.2,19.46,6.74,med,15,TYAN,TRUE,TYAN,TRUE,FALSE
7/15/16,ESGR,31,11,TYAN,0,6.2,6.2,0,med,15,NA,NA,TYAN,FALSE,FALSE
7/11/16,ESGR,32,1,TYGL,0,7.57,7.57,0,high,45,NA,NA,TYGL?,FALSE,FALSE
7/11/16,ESGR,32,2,TYGL,0,17.46,17.46,0,high,45,NA,NA,TYGL,FALSE,FALSE
7/11/16,ESGR,32,3,TYGL,0,1.51,1.51,0,high,45,NA,NA,TYGL?,FALSE,FALSE
7/11/16,ESGR,32,4,TYGL,0,2.25,2.25,0,high,45,NA,NA,TYGL,FALSE,FALSE
7/11/16,ESGR,32,5,TYGL,0,7.64,7.64,0,high,45,NA,NA,TYGL,FALSE,FALSE
7/11/16,ESGR,32,6,TYGL,0,21.47,21.47,0,high,45,NA,NA,TYGL,FALSE,FALSE
7/11/16,ESGR,32,7,TYGL,0,16.18,16.18,0,high,45,NA,NA,TYGL,FALSE,FALSE
7/11/16,ESGR,32,8,TYAN,0,9.04,9.04,0,high,45,NA,NA,TYAN,FALSE,FALSE
7/11/16,ESGR,32,9,TYAN,1,17.16,10.91,6.25,high,45,TYAN,TRUE,TYAN,TRUE,FALSE
7/11/16,ESGR,32,10,TYGL,0,20.19,20.19,0,high,45,NA,NA,TYGL,FALSE,FALSE
7/11/16,ESGR,32,11,TYGL,0,26.98,26.98,0,high,45,NA,NA,TYGL,FALSE,FALSE
7/11/16,ESGR,32,12,TYGL,0,4.81,4.81,0,high,45,NA,NA,TYGL?,FALSE,FALSE
7/11/16,ESGR,32,13,TYGL,0,17.04,17.04,0,high,45,NA,NA,TYGL,FALSE,FALSE
7/11/16,ESGR,32,14,TYGL,0,28.93,28.93,0,high,45,NA,NA,TYGL,FALSE,FALSE
7/11/16,ESGR,32,15,TYGL,0,19.88,19.88,0,high,45,NA,NA,TYGL,FALSE,FALSE
7/11/16,ESGR,32,16,TYGL,0,2.46,2.46,0,high,45,NA,NA,TYGL?,FALSE,FALSE
7/11/16,ESGR,32,17,TYGL,0,26.09,26.09,0,high,45,NA,NA,TYGL,FALSE,FALSE
7/11/16,ESGR,32,18,TYGL,0,13.98,13.98,0,high,45,NA,NA,TYGL,FALSE,FALSE
7/11/16,ESGR,32,19,TYLA,1,22.08,20.7,1.38,high,45,TYLA,FALSE,TYGL,TRUE,TRUE
7/11/16,ESGR,32,20,TYLA,1,27.89,25.39,2.5,high,45,TYLA,FALSE,TYGL,TRUE,TRUE
7/11/16,ESGR,32,21,TYGL,0,0.41,0.41,0,high,45,NA,NA,TYGL?,FALSE,FALSE
7/11/16,ESGR,32,22,TYGL,0,1.71,1.71,0,high,45,NA,NA,TYGL?,FALSE,FALSE
7/11/16,ESGR,32,23,TYGL,0,0.79,0.79,0,high,45,NA,NA,TYGL?,FALSE,FALSE
7/11/16,ESGR,32,24,TYAN,0,2.08,2.08,0,high,45,TYAN,FALSE,TYAN?,TRUE,FALSE
7/11/16,ESGR,32,25,TYAN,0,1.36,1.36,0,high,45,TYAN,TRUE,TYAN,TRUE,FALSE
7/11/16,ESGR,32,26,TYGL,0,13.16,13.16,0,high,45,NA,NA,TYGL,FALSE,FALSE
7/11/16,ESGR,32,27,TYAN,0,7.41,7.41,0,high,45,NA,NA,TYAN,FALSE,FALSE
7/11/16,ESGR,32,28,TYAN,0,13.15,13.15,0,high,45,NA,NA,TYAN,FALSE,FALSE
7/11/16,ESGR,32,29,TYAN,0,1.37,1.37,0,high,45,NA,NA,TYAN,FALSE,FALSE
7/11/16,ESGR,32,30,TYAN,0,7.54,7.54,0,high,45,NA,NA,TYAN,FALSE,FALSE
7/11/16,ESGR,32,31,TYGL,0,15.65,15.65,0,high,45,NA,NA,TYGL,FALSE,FALSE
7/11/16,ESGR,32,32,TYGL,0,1.76,1.76,0,high,45,NA,NA,TYGL,FALSE,FALSE
7/11/16,ESGR,32,33,TYGL,0,14.42,14.42,0,high,45,NA,NA,TYGL,FALSE,FALSE
7/11/16,ESGR,32,34,TYGL,0,4.26,4.26,0,high,45,NA,NA,TYGL,FALSE,FALSE
7/11/16,ESGR,32,35,TYGL,0,13.15,13.15,0,high,45,NA,NA,TYGL,FALSE,FALSE
7/11/16,ESGR,32,36,TYGL,0,8.36,8.36,0,high,45,NA,NA,TYGL,FALSE,FALSE
7/11/16,ESGR,32,37,TYGL,0,5.64,5.64,0,high,45,NA,NA,TYGL,FALSE,FALSE
7/11/16,ESGR,32,38,TYLA,1,28.9,27.74,1.16,high,45,TYLA,FALSE,TYGL,TRUE,TRUE
7/11/16,ESGR,32,39,TYGL,0,15.45,15.45,0,high,45,NA,NA,TYGL,FALSE,FALSE
7/11/16,ESGR,32,40,TYGL,0,24.57,24.57,0,high,45,NA,NA,TYGL,FALSE,FALSE
7/11/16,ESGR,32,41,TYGL,0,28.59,28.59,0,high,45,NA,NA,TYGL,FALSE,FALSE
7/11/16,ESGR,32,42,TYGL,0,1.22,1.22,0,high,45,NA,NA,TYGL,FALSE,FALSE
7/11/16,ESGR,32,43,TYGL,0,27.72,27.72,0,high,45,NA,NA,TYGL,FALSE,FALSE
7/11/16,ESGR,32,44,TYGL,0,3.24,3.24,0,high,45,NA,NA,TYGL,FALSE,FALSE
7/15/16,ESGR,35,1,TYGL,0,22.8,22.8,0,med,12,TYGL,TRUE,TYAN?,TRUE,FALSE
7/15/16,ESGR,35,2,TYGL,1,50.6,39.74,10.86,med,12,TYGL,TRUE,TYGL,TRUE,FALSE
7/15/16,ESGR,35,3,TYGL,0,27,27,0,med,12,NA,NA,TYGL,FALSE,FALSE
7/15/16,ESGR,35,4,TYGL,1,32.9,25.34,7.56,med,12,NA,NA,TYGL,FALSE,FALSE
7/15/16,ESGR,35,5,TYGL,1,34.6,28.25,6.35,med,12,TYGL,TRUE,TYGL,TRUE,FALSE
7/15/16,ESGR,35,6,TYLA,1,51.56,50.32,1.24,med,12,TYLA,FALSE,TYGL,TRUE,TRUE
7/15/16,ESGR,35,7,TYLA,1,51.93,47.97,3.96,med,12,TYLA,FALSE,TYGL,TRUE,TRUE
7/15/16,ESGR,35,8,TYGL,0,28.7,28.7,0,med,12,NA,NA,TYGL,FALSE,FALSE
7/15/16,ESGR,35,9,TYLA,0,9.4,9.4,0,med,12,TYLA,FALSE,TYGL,TRUE,FALSE
7/15/16,ESGR,35,10,TYGL,1,42.2,33.91,8.29,med,12,NA,NA,TYGL,FALSE,FALSE
7/15/16,ESGR,35,11,TYGL,1,33.82,24.76,9.06,med,12,NA,NA,TYGL,FALSE,FALSE
7/15/16,ESGR,35,12,TYGL,0,14.5,14.5,0,med,12,NA,NA,TYAN?,FALSE,FALSE
7/15/16,ESGR,36,1,TYGL,1,44,34.71,9.29,low,6,NA,NA,TYGL,FALSE,FALSE
7/15/16,ESGR,36,2,TYGL,1,31.5,26.75,4.75,low,6,NA,NA,TYGL,FALSE,FALSE
7/15/16,ESGR,36,3,TYAN,0,0.2,0.2,0,low,6,NA,NA,TYAN,FALSE,FALSE
7/15/16,ESGR,36,4,TYGL,0,9.4,9.4,0,low,6,NA,NA,TYGL,FALSE,FALSE
7/15/16,ESGR,36,5,TYGL,0,12.2,12.2,0,low,6,NA,NA,TYGL,FALSE,FALSE
7/15/16,ESGR,36,6,TYAN,0,2.8,2.8,0,low,6,NA,NA,TYAN,FALSE,FALSE
7/15/16,ESGR,36,7,TYGL,0,2.5,2.5,0,low,6,NA,NA,TYAN?,FALSE,FALSE
7/15/16,ESGR,36,8,TYAN,0,13.3,13.3,0,low,6,NA,NA,TYAN,FALSE,FALSE
7/15/16,ESGR,36,9,TYGL,0,3.6,3.6,0,low,6,NA,NA,TYAN?,FALSE,FALSE
7/15/16,ESGR,36,10,TYAN,0,4.7,4.7,0,low,6,NA,NA,TYAN,FALSE,FALSE
7/14/16,ESGR,40,1,TYGL,0,19.22,19.22,0,high,33,NA,NA,TYGL,FALSE,FALSE
7/14/16,ESGR,40,2,TYGL,0,31.2,31.2,0,high,33,NA,NA,TYAN?,FALSE,FALSE
7/14/16,ESGR,40,3,TYAN,0,4.17,4.17,0,high,33,TYAN,TRUE,TYAN,TRUE,FALSE
7/14/16,ESGR,40,4,TYAN,1,9.28,7.29,1.99,high,33,TYAN,TRUE,TYAN,TRUE,FALSE
7/14/16,ESGR,40,5,TYGL,0,18.05,18.05,0,high,33,TYGL,TRUE,TYAN?,TRUE,FALSE
7/14/16,ESGR,40,6,TYAN,0,14.33,14.33,0,high,33,NA,NA,TYAN,FALSE,FALSE
7/14/16,ESGR,40,7,TYAN,0,6.32,6.32,0,high,33,NA,NA,TYAN,FALSE,FALSE
7/14/16,ESGR,40,8,TYGL,1,53.14,40.21,12.93,high,33,TYGL,TRUE,TYGL,TRUE,FALSE
7/14/16,ESGR,40,9,TYGL,0,0.76,0.76,0,high,33,NA,NA,TYGL,FALSE,FALSE
7/11/16,ESGR,42,3,TYGL,0,9.43,9.43,0,med,21,NA,NA,TYGL,FALSE,FALSE
7/11/16,ESGR,42,5,TYGL,1,68.25,51.68,16.57,med,21,NA,NA,TYGL,FALSE,FALSE
7/11/16,ESGR,42,6,TYGL,1,27.18,22.448,4.732,med,21,NA,NA,TYGL,FALSE,FALSE
7/11/16,ESGR,42,7,TYGL,0,13.05,13.05,0,med,21,NA,NA,TYGL,FALSE,FALSE
7/11/16,ESGR,42,8,TYLA,1,52.07,44.47,7.6,med,21,TYLA,FALSE,TYGL,TRUE,FALSE
7/11/16,ESGR,42,9,TYGL,1,32.33,23.7,8.63,med,21,NA,NA,TYGL,FALSE,FALSE
7/11/16,ESGR,42,10,TYGL,0,31.38,31.38,0,med,21,NA,NA,TYGL,FALSE,FALSE
7/11/16,ESGR,42,11,TYGL,1,50.37,38.21,12.16,med,21,NA,NA,TYGL,FALSE,FALSE
7/11/16,ESGR,42,13,TYLA,1,95.43,85.28,10.15,med,21,TYLA,FALSE,TYGL,TRUE,TRUE
7/11/16,ESGR,42,15,TYLA,1,57.75,55.03,2.72,med,21,TYLA,FALSE,TYGL,TRUE,TRUE
7/11/16,ESGR,42,16,TYGL,1,82.94,62.92,20.02,med,21,TYGL,TRUE,TYGL,TRUE,FALSE
7/11/16,ESGR,42,17,TYGL,1,42.71,33.2,9.51,med,21,NA,NA,TYGL,FALSE,FALSE
7/11/16,ESGR,42,18,TYGL,1,37.25,30.29,6.96,med,21,NA,NA,TYGL,FALSE,FALSE
7/11/16,ESGR,42,19,TYGL,0,13.88,13.88,0,med,21,NA,NA,TYGL,FALSE,FALSE
7/11/16,ESGR,42,20,TYLA,1,71.16,64.35,6.81,med,21,TYLA,FALSE,TYGL,TRUE,TRUE
7/11/16,ESGR,42,21,TYLA,1,93.76,84.28,9.48,med,21,TYLA,FALSE,TYGL,TRUE,TRUE
7/11/16,ESGR,42,22,TYGL,1,45.61,36.69,8.92,med,21,NA,NA,TYGL,FALSE,FALSE
7/11/16,ESGR,42,24,TYGL,0,10.09,10.09,0,med,21,NA,NA,TYGL,FALSE,FALSE
7/11/16,ESGR,42,25,TYLA,1,72.79,66.39,6.4,med,21,TYLA,FALSE,TYGL,TRUE,TRUE
7/11/16,ESGR,42,27,TYGL,0,28.54,28.54,0,med,21,NA,NA,TYGL,FALSE,FALSE
7/11/16,ESGR,42,28,TYGL,1,66.31,50.523,15.787,med,21,NA,NA,TYGL,FALSE,FALSE
7/11/16,ESGR,42,29,TYGL,0,5.85,5.85,0,med,21,NA,NA,TYGL,FALSE,FALSE
7/11/16,ESGR,42,30,TYGL,0,4.17,4.17,0,med,21,NA,NA,TYGL,FALSE,FALSE
7/11/16,ESGR,42,31,TYGL,0,2.59,2.59,0,med,21,NA,NA,TYGL,FALSE,FALSE
7/11/16,ESGR,42,32,TYGL,1,75.36,58.72,16.64,med,21,NA,NA,TYGL,FALSE,FALSE
7/11/16,ESGR,42,33,TYGL,0,20.56,20.56,0,med,21,NA,NA,TYGL,FALSE,FALSE
7/11/16,ESGR,42,34,TYGL,0,0.75,0.75,0,med,21,NA,NA,TYGL,FALSE,FALSE
7/11/16,ESGR,42,36,TYGL,0,4.68,4.68,0,med,21,NA,NA,TYGL,FALSE,FALSE
7/11/16,ESGR,42,37,TYGL,0,17.95,17.95,0,med,21,NA,NA,TYGL,FALSE,FALSE
7/11/16,ESGR,42,38,TYGL,0,10.24,10.24,0,med,21,NA,NA,TYGL,FALSE,FALSE
7/11/16,ESGR,42,39,TYGL,0,11.36,11.36,0,med,21,NA,NA,TYGL,FALSE,FALSE
7/11/16,ESGR,42,40,TYGL,0,6.41,6.41,0,med,21,NA,NA,TYGL,FALSE,FALSE
7/11/16,ESGR,42,41,TYGL,0,34.46,34.46,0,med,21,NA,NA,TYGL,FALSE,FALSE
7/11/16,ESGR,42,42,TYGL,0,27.74,27.74,0,med,21,NA,NA,TYGL,FALSE,FALSE
7/11/16,ESGR,42,43,TYGL,0,23.96,23.96,0,med,21,NA,NA,TYGL,FALSE,FALSE
7/11/16,ESGR,42,44,TYGL,0,5.05,5.05,0,med,21,NA,NA,TYGL,FALSE,FALSE
7/11/16,ESGR,42,46,TYGL,0,14.24,14.24,0,med,21,NA,NA,TYGL,FALSE,FALSE
7/11/16,ESGR,42,47,TYGL,0,1.83,1.83,0,med,21,NA,NA,TYGL,FALSE,FALSE
7/11/16,ESGR,42,48,TYGL,0,4.82,4.82,0,med,21,NA,NA,TYGL,FALSE,FALSE
7/11/16,ESGR,42,49,TYGL,0,11.66,11.66,0,med,21,NA,NA,TYGL,FALSE,FALSE
7/11/16,ESGR,42,50,TYGL,1,64.38,49.07,15.31,med,21,NA,NA,TYGL,FALSE,FALSE
7/11/16,ESGR,42,51,TYGL,0,5.36,5.36,0,med,21,NA,NA,TYGL,FALSE,FALSE
7/11/16,ESGR,42,53,TYLA,1,39.58,35.99,3.59,med,21,TYLA,FALSE,TYGL,TRUE,TRUE
7/11/16,ESGR,42,54,TYGL,0,11.54,11.54,0,med,21,NA,NA,TYGL,FALSE,FALSE
7/11/16,ESGR,42,55,TYGL,0,7.95,7.95,0,med,21,NA,NA,TYGL,FALSE,FALSE
7/11/16,ESGR,42,56,TYGL,0,11.24,11.24,0,med,21,NA,NA,TYGL,FALSE,FALSE
7/11/16,ESGR,42,58,TYGL,1,55.18,40.57,14.61,med,21,NA,NA,TYGL,FALSE,FALSE
7/11/16,ESGR,42,60,TYGL,0,12.75,12.75,0,med,21,NA,NA,TYGL,FALSE,FALSE
7/11/16,ESGR,42,61,TYGL,0,3.76,3.76,0,med,21,NA,NA,TYGL,FALSE,FALSE
7/11/16,ESGR,42,63,TYGL,0,32.16,32.16,0,med,21,NA,NA,TYGL,FALSE,FALSE
7/11/16,ESGR,42,64,TYGL,0,7.48,7.48,0,med,21,NA,NA,TYGL,FALSE,FALSE
7/11/16,ESGR,42,65,TYGL,0,8.08,8.08,0,med,21,NA,NA,TYGL,FALSE,FALSE
7/11/16,ESGR,42,66,TYGL,0,5.08,5.08,0,med,21,NA,NA,TYGL,FALSE,FALSE
7/11/16,ESGR,42,101,TYGL,0,0.61,0.61,0,med,21,NA,NA,TYGL,FALSE,FALSE
7/11/16,ESGR,42,102,TYGL,0,0.88,0.88,0,med,21,NA,NA,TYGL,FALSE,FALSE
7/14/16,ESGR,44,1,TYLA,0,16.5,16.5,0,med,9,TYLA,FALSE,TYGL,TRUE,FALSE
7/15/16,ESGR,49,1,TYAN,1,21.53,14.352,7.178,low,6,NA,NA,TYAN,FALSE,FALSE
7/15/16,ESGR,49,2,TYAN,1,27.8,20.359,7.441,low,6,TYAN,TRUE,TYAN,TRUE,FALSE
7/15/16,ESGR,49,3,TYAN,1,17.9,11.531,6.369,low,6,NA,NA,TYAN,FALSE,FALSE
7/15/16,ESGR,49,4,TYAN,1,22.3,15.471,6.829,low,6,NA,NA,TYAN,FALSE,FALSE
7/15/16,ESGR,49,5,TYAN,1,16.5,11.471,5.029,low,6,NA,NA,TYAN,FALSE,FALSE
7/15/16,ESGR,49,6,TYAN,0,17.6,17.6,0,low,6,TYAN,TRUE,TYAN,TRUE,FALSE
7/15/16,ESGR,49,7,TYAN,1,25.1,17.952,7.148,low,6,NA,NA,TYAN,FALSE,FALSE
7/15/16,ESGR,49,8,TYAN,0,15.6,15.6,0,low,6,NA,NA,TYAN,FALSE,FALSE
7/15/16,ESGR,49,9,TYAN,1,20.9,13.583,7.317,low,6,NA,NA,TYAN,FALSE,FALSE
7/15/16,ESGR,49,11,TYAN,1,20,12.716,7.284,low,6,NA,NA,TYAN,FALSE,FALSE
7/15/16,ESGR,49,12,TYAN,0,10.1,10.1,0,low,6,NA,NA,TYAN,FALSE,FALSE
7/15/16,ESGR,49,13,TYAN,0,3.8,3.8,0,low,6,TYAN,TRUE,TYAN,TRUE,FALSE
7/15/16,ESGR,49,14,TYAN,1,16.2,10.646,5.554,low,6,NA,NA,TYAN,FALSE,FALSE
7/15/16,ESGR,49,15,TYAN,1,24.6,16.959,7.641,low,6,TYAN,TRUE,TYAN,TRUE,FALSE
7/15/16,ESGR,49,16,TYAN,1,27.6,22.468,5.132,low,6,TYAN,TRUE,TYAN,TRUE,FALSE
7/15/16,ESGR,50,1,TYGL,0,52.6,52.6,0,high,39,NA,NA,TYGL,FALSE,FALSE
7/15/16,ESGR,50,2,TYGL,0,18.2,18.2,0,high,39,NA,NA,TYAN?,FALSE,FALSE
7/15/16,ESGR,50,3,TYGL,0,2.7,2.7,0,high,39,TYGL,TRUE,TYGL,TRUE,FALSE
7/15/16,ESGR,50,4,TYGL,0,31.4,31.4,0,high,39,NA,NA,TYGL,FALSE,FALSE
7/15/16,ESGR,50,5,TYAN,0,11.8,11.8,0,high,39,NA,NA,TYAN,FALSE,FALSE
7/15/16,ESGR,50,6,TYGL,0,16.3,16.3,0,high,39,NA,NA,TYAN?,FALSE,FALSE
7/15/16,ESGR,50,8,TYGL,0,1.3,1.3,0,high,39,NA,NA,TYGL,FALSE,FALSE
7/15/16,ESGR,50,9,TYGL,0,0.2,0.2,0,high,39,TYGL,TRUE,TYAN?,TRUE,FALSE
7/15/16,ESGR,50,10,TYGL,0,26.6,26.6,0,high,39,NA,NA,TYAN?,FALSE,FALSE
7/15/16,ESGR,50,11,TYGL,0,22.8,22.8,0,high,39,NA,NA,TYAN?,FALSE,FALSE
7/18/16,UMBS,2,2,TYAN,0,14,14,0,med,21,NA,NA,TYAN,FALSE,FALSE
7/18/16,UMBS,2,10,TYGL,0,26,26,0,med,21,NA,NA,TYGL,FALSE,FALSE
7/18/16,UMBS,2,11,TYGL,0,13,13,0,med,21,NA,NA,TYGL,FALSE,FALSE
7/18/16,UMBS,2,12,TYGL,0,24,24,0,med,21,NA,NA,TYGL,FALSE,FALSE
7/18/16,UMBS,2,31,TYGL,0,56,56,0,med,21,NA,NA,TYGL,FALSE,FALSE
7/18/16,UMBS,2,54,TYAN,0,8,8,0,med,21,NA,NA,TYAN,FALSE,FALSE
7/18/16,UMBS,2,64,TYAN,0,2,2,0,med,21,NA,NA,TYAN,FALSE,FALSE
7/18/16,UMBS,2,65,TYAN,1,6,4.5855,1.4145,med,21,TYAN,TRUE,TYAN,TRUE,FALSE
7/18/16,UMBS,2,66,TYAN,0,1,1,0,med,21,NA,NA,TYAN,FALSE,FALSE
7/18/16,UMBS,2,67,TYAN,0,10,10,0,med,21,NA,NA,TYAN,FALSE,FALSE
7/18/16,UMBS,2,68,TYAN,0,10,10,0,med,21,NA,NA,TYAN,FALSE,FALSE
7/18/16,UMBS,2,69,TYAN,0,24,24,0,med,21,TYAN,TRUE,TYAN,TRUE,FALSE
7/18/16,UMBS,2,85,TYAN,0,10,10,0,med,21,NA,NA,TYAN,FALSE,FALSE
7/18/16,UMBS,2,87,TYAN,0,3,3,0,med,21,NA,NA,TYAN,FALSE,FALSE
7/18/16,UMBS,2,88,TYAN,0,12,12,0,med,21,NA,NA,TYAN,FALSE,FALSE
7/18/16,UMBS,2,92,TYAN,1,27,21.7708,5.2292,med,21,NA,NA,TYAN,FALSE,FALSE
7/18/16,UMBS,2,93,TYAN,1,19,15.0018,3.9982,med,21,NA,NA,TYAN,FALSE,FALSE
7/18/16,UMBS,2,94,TYGL,0,12,12,0,med,21,NA,NA,TYGL,FALSE,FALSE
7/18/16,UMBS,2,95,TYAN,0,9.1279,9.1279,0,med,21,NA,NA,TYAN,FALSE,FALSE
7/18/16,UMBS,2,96,TYAN,0,14,14,0,med,21,NA,NA,TYAN,FALSE,FALSE
7/18/16,UMBS,2,97,TYAN,0,6,6,0,med,21,NA,NA,TYAN,FALSE,FALSE
7/18/16,UMBS,2,98,TYAN,0,18,18,0,med,21,NA,NA,TYAN,FALSE,FALSE
7/18/16,UMBS,2,116,TYAN,0,14,14,0,med,21,NA,NA,TYAN,FALSE,FALSE
7/18/16,UMBS,2,119,TYAN,0,13,13,0,med,21,NA,NA,TYAN,FALSE,FALSE
7/18/16,UMBS,2,125,TYAN,0,10,10,0,med,21,NA,NA,TYAN,FALSE,FALSE
7/18/16,UMBS,2,126,TYAN,0,6,6,0,med,21,NA,NA,TYAN,FALSE,FALSE
7/18/16,UMBS,2,130,TYLA,0,4,4,0,med,21,TYLA,FALSE,TYGL,TRUE,FALSE
7/18/16,UMBS,2,150,TYLA,1,94,87.6563,6.3437,med,21,TYLA,TRUE,TYLA?,TRUE,FALSE
7/18/16,UMBS,2,155,TYAN,0,8,8,0,med,21,NA,NA,TYAN,FALSE,FALSE
7/18/16,UMBS,2,156,TYAN,0,4,4,0,med,21,NA,NA,TYAN,FALSE,FALSE
7/18/16,UMBS,2,158,TYAN,0,8,8,0,med,21,NA,NA,TYAN,FALSE,FALSE
7/18/16,UMBS,2,167,TYGL,0,22,22,0,med,21,NA,NA,TYAN?,FALSE,FALSE
7/18/16,UMBS,2,201,TYAN,0,14,14,0,med,21,NA,NA,TYAN,FALSE,FALSE
7/18/16,UMBS,2,202,TYGL,0,11,11,0,med,21,NA,NA,TYGL,FALSE,FALSE
7/18/16,UMBS,2,203,TYLA,1,64.78,56.9562,7.8238,med,21,TYLA,FALSE,TYGL,TRUE,TRUE
7/18/16,UMBS,2,204,TYGL,0,30,30,0,med,21,NA,NA,TYGL,FALSE,FALSE
7/18/16,UMBS,2,205,TYAN,0,3,3,0,med,21,NA,NA,TYAN,FALSE,FALSE
7/18/16,UMBS,2,206,TYAN,0,6,6,0,med,21,NA,NA,TYAN,FALSE,FALSE
7/18/16,UMBS,2,208,TYGL,0,20,20,0,med,21,NA,NA,TYGL,FALSE,FALSE
7/18/16,UMBS,2,212,TYAN,0,4,4,0,med,21,NA,NA,TYAN,FALSE,FALSE
7/29/16,UMBS,4,1,TYAN,1,21.9,17.3203,4.5797,high,33,NA,NA,TYAN,FALSE,FALSE
7/29/16,UMBS,4,2,TYAN,1,23.8,17.5811,6.2189,high,33,TYAN,TRUE,TYAN,TRUE,FALSE
7/29/16,UMBS,4,3,TYLA,1,55.575,50.9355,4.6395,high,33,TYLA,FALSE,TYGL,TRUE,TRUE
7/29/16,UMBS,4,4,TYAN,0,4.2,4.2,0,high,33,NA,NA,TYAN,FALSE,FALSE
7/29/16,UMBS,4,5,TYAN,0,6.5,6.5,0,high,33,NA,NA,TYAN,FALSE,FALSE
7/29/16,UMBS,4,6,TYGL,0,24.8,24.8,0,high,33,NA,NA,TYGL,FALSE,FALSE
7/29/16,UMBS,4,7,TYAN,0,4.2,4.2,0,high,33,NA,NA,TYAN,FALSE,FALSE
7/29/16,UMBS,4,8,TYAN,0,4.7,4.7,0,high,33,NA,NA,TYAN,FALSE,FALSE
7/29/16,UMBS,4,9,TYGL,0,13.9,13.9,0,high,33,NA,NA,TYAN?,FALSE,FALSE
7/29/16,UMBS,4,10,TYGL,0,12,12,0,high,33,NA,NA,TYAN?,FALSE,FALSE
7/29/16,UMBS,4,11,TYLA,0,19,19,0,high,33,TYLA,FALSE,TYGL,TRUE,FALSE
7/29/16,UMBS,4,12,TYAN,0,3.2,3.2,0,high,33,NA,NA,TYAN,FALSE,FALSE
7/29/16,UMBS,4,13,TYAN,0,3.3,3.3,0,high,33,NA,NA,TYAN,FALSE,FALSE
7/29/16,UMBS,4,14,TYGL,0,1.2,1.2,0,high,33,NA,NA,TYGL,FALSE,FALSE
7/29/16,UMBS,4,15,TYGL,0,2.8,2.8,0,high,33,NA,NA,TYGL,FALSE,FALSE
7/29/16,UMBS,4,16,TYGL,0,12.2,12.2,0,high,33,NA,NA,TYGL,FALSE,FALSE
7/29/16,UMBS,4,17,TYAN,0,1.8,1.8,0,high,33,TYAN,TRUE,TYAN,TRUE,FALSE
7/30/16,UMBS,5,1,TYGL,0,10.678,10.678,0,low,3,NA,NA,TYGL,FALSE,FALSE
7/30/16,UMBS,5,2,TYLA,0,3.071,3.071,0,low,3,TYLA,FALSE,TYAN,TRUE,FALSE
7/30/16,UMBS,5,3,TYAN,0,9.794,9.794,0,low,3,NA,NA,TYAN,FALSE,FALSE
7/30/16,UMBS,5,4,TYGL,0,3.0971,3.0971,0,low,3,TYGL,TRUE,TYGL,TRUE,FALSE
7/30/16,UMBS,5,5,TYLA,1,29.57,23.28,6.29,low,3,TYLA,FALSE,TYGL,TRUE,FALSE
7/29/16,UMBS,6,1,TYAN,1,40.418,30.474,9.944,med,12,NA,NA,TYAN,FALSE,FALSE
7/29/16,UMBS,6,2,TYGL,1,17.521,12.0986,5.4224,med,12,NA,NA,TYGL,FALSE,FALSE
7/29/16,UMBS,6,3,TYGL,1,57.755,43.461,14.294,med,12,NA,NA,TYGL,FALSE,FALSE
7/29/16,UMBS,6,4,TYGL,1,58.811,43.477,15.334,med,12,NA,NA,TYGL,FALSE,FALSE
7/29/16,UMBS,6,5,TYGL,1,53.121,43.695,9.426,med,12,NA,NA,TYGL,FALSE,FALSE
7/29/16,UMBS,6,6,TYAN,0,6.6387,6.6387,0,med,12,TYAN,TRUE,TYAN,TRUE,FALSE
7/30/16,UMBS,10,1,TYGL,0,21.048,21.048,0,low,1.5,NA,NA,TYAN?,FALSE,FALSE
7/30/16,UMBS,10,2,TYGL,0,10.324,10.324,0,low,1.5,NA,NA,TYAN?,FALSE,FALSE
7/30/16,UMBS,10,3,TYGL,0,10.63,10.63,0,low,1.5,NA,NA,TYAN?,FALSE,FALSE
7/30/16,UMBS,10,4,TYGL,0,0.75,0.75,0,low,1.5,TYGL,TRUE,TYGL,TRUE,FALSE
7/30/16,UMBS,10,5,TYGL,1,48.526,36.825,11.701,low,1.5,TYGL,TRUE,TYGL,TRUE,FALSE
7/30/16,UMBS,10,6,TYGL,1,49.597,38.922,10.675,low,1.5,TYGL,TRUE,TYGL,TRUE,FALSE
7/30/16,UMBS,10,7,TYGL,0,4.396,4.396,0,low,1.5,TYGL,FALSE,TYAN,TRUE,FALSE
7/30/16,UMBS,10,8,TYGL,0,15.022,15.022,0,low,1.5,NA,NA,TYAN?,FALSE,FALSE
7/19/16,UMBS,11,1,TYAN,0,10.9,10.9,0,high,45,NA,NA,TYAN,FALSE,FALSE
7/19/16,UMBS,11,2,TYAN,1,10.9,9.09,1.81,high,45,TYAN,TRUE,TYAN,TRUE,FALSE
7/19/16,UMBS,11,3,TYGL,0,42.6,42.6,0,high,45,NA,NA,TYGL,FALSE,FALSE
7/19/16,UMBS,11,4,TYAN,0,2.6,2.6,0,high,45,TYAN,TRUE,TYAN,TRUE,FALSE
7/19/16,UMBS,11,5,TYAN,0,4,4,0,high,45,NA,NA,TYAN,FALSE,FALSE
7/19/16,UMBS,11,6,TYAN,0,1.8,1.8,0,high,45,NA,NA,TYAN,FALSE,FALSE
7/19/16,UMBS,11,7,TYAN,0,1.2,1.2,0,high,45,NA,NA,TYAN,FALSE,FALSE
7/19/16,UMBS,11,8,TYAN,0,4.5,4.5,0,high,45,NA,NA,TYAN,FALSE,FALSE
7/19/16,UMBS,11,9,TYGL,0,33.1,33.1,0,high,45,TYGL,TRUE,TYGL,TRUE,FALSE
7/19/16,UMBS,11,10,TYAN,1,17.2,14.55,2.65,high,45,TYAN,TRUE,TYAN,TRUE,FALSE
7/19/16,UMBS,11,11,TYAN,0,2,2,0,high,45,NA,NA,TYAN,FALSE,FALSE
7/19/16,UMBS,11,12,TYAN,0,31.2,31.2,0,high,45,NA,NA,TYAN,FALSE,FALSE
7/19/16,UMBS,11,13,TYGL,0,20.8,20.8,0,high,45,NA,NA,TYGL,FALSE,FALSE
7/19/16,UMBS,11,14,TYGL,0,20.9,20.9,0,high,45,NA,NA,TYGL,FALSE,FALSE
7/19/16,UMBS,11,15,TYAN,0,5.9,5.9,0,high,45,NA,NA,TYAN,FALSE,FALSE
7/19/16,UMBS,11,16,TYGL,0,9.3,9.3,0,high,45,NA,NA,TYGL?,FALSE,FALSE
7/19/16,UMBS,11,17,TYAN,0,2.7,2.7,0,high,45,NA,NA,TYAN,FALSE,FALSE
7/19/16,UMBS,11,18,TYAN,0,2.2,2.2,0,high,45,NA,NA,TYAN,FALSE,FALSE
7/19/16,UMBS,11,19,TYGL,0,14.5,14.5,0,high,45,NA,NA,TYAN?,FALSE,FALSE
7/19/16,UMBS,11,20,TYGL,0,11.2,11.2,0,high,45,NA,NA,TYGL,FALSE,FALSE
7/19/16,UMBS,11,21,TYGL,0,8,8,0,high,45,NA,NA,TYAN?,FALSE,FALSE
7/19/16,UMBS,11,22,TYGL,1,43.6,36.4,7.2,high,45,TYGL,TRUE,TYGL,TRUE,FALSE
7/19/16,UMBS,11,23,TYGL,1,43.1,35.32,7.78,high,45,TYGL,TRUE,TYGL,TRUE,FALSE
7/19/16,UMBS,11,24,TYAN,0,7.1,7.1,0,high,45,NA,NA,TYAN,FALSE,FALSE
7/19/16,UMBS,11,25,TYAN,0,1.9549,1.9549,0,high,45,NA,NA,TYAN,FALSE,FALSE
7/19/16,UMBS,11,26,TYGL,0,31.2,31.2,0,high,45,NA,NA,TYGL,FALSE,FALSE
7/19/16,UMBS,11,27,TYGL,0,20.6,20.6,0,high,45,NA,NA,TYGL,FALSE,FALSE
7/19/16,UMBS,11,28,TYGL,0,24.5,24.5,0,high,45,NA,NA,TYGL,FALSE,FALSE
7/19/16,UMBS,11,29,TYAN,0,2.6,2.6,0,high,45,NA,NA,TYAN,FALSE,FALSE
7/19/16,UMBS,11,30,TYGL,0,41.3,41.3,0,high,45,NA,NA,TYGL,FALSE,FALSE
7/19/16,UMBS,11,31,TYGL,0,16.7,16.7,0,high,45,NA,NA,TYGL,FALSE,FALSE
7/19/16,UMBS,11,32,TYAN,0,10.8,10.8,0,high,45,NA,NA,TYAN,FALSE,FALSE
7/19/16,UMBS,11,33,TYAN,0,0.7,0.7,0,high,45,NA,NA,TYAN,FALSE,FALSE
7/19/16,UMBS,11,34,TYGL,0,36.1,36.1,0,high,45,NA,NA,TYGL,FALSE,FALSE
7/19/16,UMBS,11,35,TYGL,0,15.3,15.3,0,high,45,NA,NA,TYGL,FALSE,FALSE
7/19/16,UMBS,11,36,TYGL,0,1.8,1.8,0,high,45,NA,NA,TYGL,FALSE,FALSE
7/19/16,UMBS,11,37,TYAN,0,15.7,15.7,0,high,45,NA,NA,TYAN,FALSE,FALSE
7/19/16,UMBS,11,38,TYGL,0,13.7,13.7,0,high,45,TYGL,TRUE,TYGL?,TRUE,FALSE
7/19/16,UMBS,11,39,TYGL,0,11.5,11.5,0,high,45,NA,NA,TYAN?,FALSE,FALSE
7/19/16,UMBS,11,40,TYGL,0,24,24,0,high,45,NA,NA,TYGL,FALSE,FALSE
7/19/16,UMBS,11,41,TYGL,0,26.7,26.7,0,high,45,NA,NA,TYGL,FALSE,FALSE
7/19/16,UMBS,11,43,TYAN,0,3.7,3.7,0,high,45,NA,NA,TYAN,FALSE,FALSE
7/19/16,UMBS,11,44,TYGL,0,5.4,5.4,0,high,45,NA,NA,TYGL,FALSE,FALSE
7/29/16,UMBS,12,1,TYAN,0,14,14,0,med,15,TYAN,TRUE,TYAN,TRUE,FALSE
7/29/16,UMBS,12,2,TYAN,0,4.6,4.6,0,med,15,NA,NA,TYAN,FALSE,FALSE
7/29/16,UMBS,12,3,TYAN,0,6.5,6.5,0,med,15,NA,NA,TYAN,FALSE,FALSE
7/29/16,UMBS,12,4,TYAN,1,28,21.5541,6.4459,med,15,TYAN,TRUE,TYAN,TRUE,FALSE
7/29/16,UMBS,13,1,TYGL,0,36.3,36.3,0,low,3,TYGL,TRUE,TYGL,TRUE,FALSE
7/29/16,UMBS,13,2,TYGL,0,19.2,19.2,0,low,3,NA,NA,TYGL,FALSE,FALSE
7/29/16,UMBS,13,3,TYAN,0,4.8,4.8,0,low,3,NA,NA,TYAN,FALSE,FALSE
7/29/16,UMBS,13,4,TYLA,0,6.7,6.7,0,low,3,TYLA,FALSE,TYAN,TRUE,FALSE
7/29/16,UMBS,17,1,TYGL,1,40.1,33.5401,6.5599,med,9,NA,NA,TYGL,FALSE,FALSE
7/29/16,UMBS,17,2,TYGL,1,41.958,39.4062,2.5518,med,9,TYGL,TRUE,TYGL,TRUE,TRUE
7/29/16,UMBS,17,3,TYGL,1,56.2,44.4142,11.7858,med,9,TYGL,TRUE,TYGL,TRUE,FALSE
7/29/16,UMBS,17,4,TYGL,0,19.9,19.9,0,med,9,TYGL,TRUE,TYAN?,TRUE,FALSE
7/29/16,UMBS,17,5,TYGL,0,15.1,15.1,0,med,9,NA,NA,TYAN?,FALSE,FALSE
7/29/16,UMBS,17,6,TYGL,0,18.4,18.4,0,med,9,NA,NA,TYGL,FALSE,FALSE
7/29/16,UMBS,17,7,TYAN,0,1.2,1.2,0,med,9,NA,NA,TYAN,FALSE,FALSE
7/29/16,UMBS,17,8,TYGL,0,0.7,0.7,0,med,9,TYGL,FALSE,TYAN,TRUE,FALSE
7/29/16,UMBS,17,9,TYGL,1,48.1,38.6846,9.4154,med,9,TYGL,TRUE,TYGL,TRUE,FALSE
7/29/16,UMBS,17,10,TYLA,0,5.1,5.1,0,med,9,TYLA,FALSE,TYGL,TRUE,FALSE
7/29/16,UMBS,17,11,TYGL,1,49.2,39.8091,9.3909,med,9,NA,NA,TYGL,FALSE,FALSE
7/29/16,UMBS,19,1,TYGL,0,39.2,39.2,0,high,27,NA,NA,TYGL,FALSE,FALSE
7/29/16,UMBS,19,2,TYGL,1,53.213,45.072,8.141,high,27,TYGL,TRUE,TYGL,TRUE,FALSE
7/29/16,UMBS,19,3,TYGL,0,12.2,12.2,0,high,27,NA,NA,TYAN?,FALSE,FALSE
7/29/16,UMBS,19,4,TYAN,1,21.1,16.2923,4.8077,high,27,TYAN,TRUE,TYAN,TRUE,FALSE
7/29/16,UMBS,19,5,TYGL,0,45.1,45.1,0,high,27,NA,NA,TYGL,FALSE,FALSE
7/29/16,UMBS,19,6,TYAN,0,6.7,6.7,0,high,27,NA,NA,TYAN,FALSE,FALSE
7/29/16,UMBS,19,7,TYGL,0,26.8,26.8,0,high,27,NA,NA,TYAN?,FALSE,FALSE
7/29/16,UMBS,19,8,TYGL,0,34.3,34.3,0,high,27,NA,NA,TYAN?,FALSE,FALSE
7/29/16,UMBS,19,9,TYGL,0,22.6,22.6,0,high,27,NA,NA,TYAN?,FALSE,FALSE
7/29/16,UMBS,19,10,TYGL,0,13.7,13.7,0,high,27,NA,NA,TYAN?,FALSE,FALSE
7/29/16,UMBS,19,11,TYGL,1,73.2,61.8826,11.3174,high,27,TYGL,TRUE,TYGL,TRUE,TRUE
7/29/16,UMBS,19,12,TYGL,0,33.7,33.7,0,high,27,TYGL,TRUE,TYGL,TRUE,FALSE
7/29/16,UMBS,19,13,TYGL,0,30,30,0,high,27,NA,NA,TYGL,FALSE,FALSE
7/29/16,UMBS,19,14,TYGL,0,16.2,16.2,0,high,27,NA,NA,TYAN?,FALSE,FALSE
7/19/16,UMBS,21,44,TYGL,0,26.5,26.5,0,med,21,NA,NA,TYGL,FALSE,FALSE
7/19/16,UMBS,21,45,TYGL,0,20.5,20.5,0,med,21,NA,NA,TYGL,FALSE,FALSE
7/20/16,UMBS,21,53,TYAN,0,17.5,17.5,0,med,21,NA,NA,TYAN,FALSE,FALSE
7/20/16,UMBS,21,56,TYAN,0,16,16,0,med,21,NA,NA,TYAN,FALSE,FALSE
7/20/16,UMBS,21,62,TYAN,0,3.8,3.8,0,med,21,NA,NA,TYAN,FALSE,FALSE
7/20/16,UMBS,21,63,TYAN,0,4.8,4.8,0,med,21,NA,NA,TYAN,FALSE,FALSE
7/20/16,UMBS,21,64,TYAN,0,13.1,13.1,0,med,21,NA,NA,TYAN,FALSE,FALSE
7/20/16,UMBS,21,100,TYGL,1,50,39.7005,10.2995,med,21,NA,NA,TYGL,FALSE,FALSE
7/20/16,UMBS,21,108,TYGL,1,56.2,44.1408,12.0592,med,21,NA,NA,TYGL,FALSE,FALSE
7/20/16,UMBS,21,123,TYAN,0,5.1,5.1,0,med,21,NA,NA,TYAN,FALSE,FALSE
7/20/16,UMBS,21,124,TYLA,1,71.3,60.5599,10.7401,med,21,TYLA,TRUE,TYLA,TRUE,FALSE
7/20/16,UMBS,21,125,TYGL,1,52.1,39.8506,12.2494,med,21,TYGL,TRUE,TYAN?,TRUE,FALSE
7/20/16,UMBS,21,152,TYGL,0,24.5,24.5,0,med,21,NA,NA,TYAN?,FALSE,FALSE
7/20/16,UMBS,21,153,TYAN,0,18.1,18.1,0,med,21,NA,NA,TYAN,FALSE,FALSE
7/20/16,UMBS,21,154,TYGL,1,42,32.8318,9.1682,med,21,NA,NA,TYGL,FALSE,FALSE
7/20/16,UMBS,21,155,TYAN,0,8.9,8.9,0,med,21,NA,NA,TYAN,FALSE,FALSE
7/20/16,UMBS,21,156,TYGL,0,16.8,16.8,0,med,21,NA,NA,TYGL,FALSE,FALSE
7/20/16,UMBS,21,157,TYGL,0,37.8,37.8,0,med,21,NA,NA,TYGL,FALSE,FALSE
7/20/16,UMBS,21,158,TYGL,0,32,32,0,med,21,NA,NA,TYGL,FALSE,FALSE
7/20/16,UMBS,21,159,TYGL,0,24.6,24.6,0,med,21,NA,NA,TYGL,FALSE,FALSE
7/20/16,UMBS,21,160,TYGL,0,27.8,27.8,0,med,21,NA,NA,TYGL,FALSE,FALSE
7/20/16,UMBS,21,161,TYGL,1,62.8,51.1519,11.6481,med,21,NA,NA,TYGL,FALSE,FALSE
7/20/16,UMBS,21,162,TYGL,1,56.9,46.1791,10.7209,med,21,TYGL,TRUE,TYGL,TRUE,FALSE
7/30/16,UMBS,25,1,TYAN,0,7.4864,7.4864,0,med,12,NA,NA,TYAN,FALSE,FALSE
7/30/16,UMBS,25,2,TYGL,0,18.185,18.185,0,med,12,NA,NA,TYAN?,FALSE,FALSE
7/30/16,UMBS,25,3,TYGL,1,33.647,26.0427,7.6043,med,12,TYGL,TRUE,TYAN?,TRUE,FALSE
7/30/16,UMBS,25,4,TYGL,1,53.357,39.989,13.368,med,12,NA,NA,TYGL,FALSE,FALSE
7/30/16,UMBS,25,5,TYAN,1,13.4737,10.9232,2.5505,med,12,TYAN,TRUE,TYAN,TRUE,FALSE
7/30/16,UMBS,25,6,TYAN,1,17.4818,13.4019,4.0799,med,12,NA,NA,TYAN,FALSE,FALSE
7/30/16,UMBS,25,7,TYGL,1,50.023,35,15.023,med,12,TYGL,TRUE,TYGL,TRUE,FALSE
7/30/16,UMBS,25,8,TYAN,0,18.4,18.4,0,med,12,NA,NA,TYAN,FALSE,FALSE
7/30/16,UMBS,25,9,TYGL,0,9.1024,9.1024,0,med,12,NA,NA,TYAN?,FALSE,FALSE
7/30/16,UMBS,25,10,TYGL,0,14.825,14.825,0,med,12,TYGL,TRUE,TYAN?,TRUE,FALSE
7/30/16,UMBS,25,11,TYGL,0,1.9564,1.9564,0,med,12,NA,NA,TYAN?,FALSE,FALSE
7/30/16,UMBS,25,12,TYGL,0,11.6868,11.6868,0,med,12,NA,NA,TYAN?,FALSE,FALSE
7/30/16,UMBS,25,13,TYGL,0,18.334,18.334,0,med,12,NA,NA,TYAN?,FALSE,FALSE
7/30/16,UMBS,25,15,TYGL,0,7.961,7.961,0,med,12,NA,NA,TYAN?,FALSE,FALSE
7/30/16,UMBS,25,16,TYGL,0,1.8101,1.8101,0,med,12,NA,NA,TYAN?,FALSE,FALSE
7/30/16,UMBS,25,17,TYGL,1,33.037,25.016,8.021,med,12,TYGL,TRUE,TYAN?,TRUE,FALSE
7/30/16,UMBS,25,18,TYGL,0,0.2996,0.2996,0,med,12,NA,NA,TYAN?,FALSE,FALSE
7/30/16,UMBS,26,1,TYAN,0,6.0725,6.0725,0,low,1.5,NA,NA,TYAN,FALSE,FALSE
7/30/16,UMBS,26,2,TYGL,0,3.2991,3.2991,0,low,1.5,TYGL,TRUE,TYGL,TRUE,FALSE
7/30/16,UMBS,28,1,TYGL,0,23.466,23.466,0,low,6,NA,NA,TYGL,FALSE,FALSE
7/30/16,UMBS,28,3,TYGL,1,32.795,23.8947,8.9003,low,6,TYGL,TRUE,TYAN?,TRUE,FALSE
7/30/16,UMBS,28,4,TYLA,0,1.4384,1.4384,0,low,6,TYLA,FALSE,TYGL,TRUE,FALSE
7/29/16,UMBS,29,1,TYGL,0,18.7,18.7,0,high,39,NA,NA,TYGL,FALSE,FALSE
7/29/16,UMBS,29,2,TYLA,0,17.5,17.5,0,high,39,TYLA,FALSE,TYGL,TRUE,FALSE
7/29/16,UMBS,29,3,TYGL,0,18.5,18.5,0,high,39,NA,NA,TYGL,FALSE,FALSE
7/29/16,UMBS,29,4,TYGL,0,21,21,0,high,39,NA,NA,TYGL,FALSE,FALSE
7/29/16,UMBS,29,5,TYGL,0,9.7,9.7,0,high,39,NA,NA,TYGL,FALSE,FALSE
7/29/16,UMBS,29,6,TYGL,0,31.5,31.5,0,high,39,NA,NA,TYGL,FALSE,FALSE
7/29/16,UMBS,29,7,TYLA,0,2.7,2.7,0,high,39,TYLA,FALSE,TYAN?,TRUE,FALSE
7/29/16,UMBS,29,8,TYGL,0,37,37,0,high,39,NA,NA,TYGL,FALSE,FALSE
7/29/16,UMBS,29,9,TYLA,1,72,60.4896,11.5104,high,39,TYLA,TRUE,TYLA?,TRUE,FALSE
7/29/16,UMBS,29,10,TYLA,1,74.9,67.9266,6.9734,high,39,TYLA,TRUE,TYLA?,TRUE,FALSE
7/29/16,UMBS,29,11,TYGL,0,29.5,29.5,0,high,39,NA,NA,TYGL,FALSE,FALSE
7/29/16,UMBS,29,12,TYGL,0,1.3,1.3,0,high,39,NA,NA,TYGL,FALSE,FALSE
7/29/16,UMBS,29,13,TYLA,0,1.1,1.1,0,high,39,TYLA,FALSE,TYGL,TRUE,FALSE
7/29/16,UMBS,29,14,TYLA,1,100.5,92.0309,8.4691,high,39,TYLA,TRUE,TYLA?,TRUE,FALSE
7/29/16,UMBS,29,15,TYAN,0,2.7,2.7,0,high,39,NA,NA,TYAN,FALSE,FALSE
7/29/16,UMBS,29,16,TYAN,0,6.6,6.6,0,high,39,NA,NA,TYAN,FALSE,FALSE
7/29/16,UMBS,29,17,TYLA,1,103.4,92.5614,10.8386,high,39,TYLA,TRUE,TYLA?,TRUE,FALSE
7/29/16,UMBS,29,18,TYGL,0,36.8,36.8,0,high,39,NA,NA,TYGL,FALSE,FALSE
7/28/16,UMBS,32,1,TYGL,1,16.286,15.0617,1.2243,high,33,TYGL,FALSE,TYAN,TRUE,TRUE
7/28/16,UMBS,32,2,TYLA,0,27.1942,27.1942,0,high,33,TYLA,FALSE,TYGL,TRUE,FALSE
7/28/16,UMBS,32,4,TYAN,0,9.6592,9.6592,0,high,33,NA,NA,TYAN,FALSE,FALSE
7/28/16,UMBS,32,5,TYAN,0,7.8357,7.8357,0,high,33,NA,NA,TYAN,FALSE,FALSE
7/28/16,UMBS,32,6,TYLA,1,96.91,78.356,18.554,high,33,TYLA,TRUE,TYLA,TRUE,TRUE
7/28/16,UMBS,32,7,TYAN,0,5.8912,5.8912,0,high,33,NA,NA,TYAN,FALSE,FALSE
7/28/16,UMBS,32,8,TYAN,0,9.3839,9.3839,0,high,33,NA,NA,TYAN,FALSE,FALSE
7/28/16,UMBS,32,9,TYAN,1,16.544,14.0516,2.4924,high,33,TYAN,TRUE,TYAN,TRUE,FALSE
7/28/16,UMBS,32,10,TYAN,0,9.264,9.264,0,high,33,NA,NA,TYAN,FALSE,FALSE
7/28/16,UMBS,32,11,TYAN,0,3.085,3.085,0,high,33,NA,NA,TYAN,FALSE,FALSE
7/28/16,UMBS,32,12,TYAN,0,8.481,8.481,0,high,33,NA,NA,TYAN,FALSE,FALSE
7/28/16,UMBS,32,13,TYAN,0,1.4594,1.4594,0,high,33,NA,NA,TYAN,FALSE,FALSE
7/28/16,UMBS,32,14,TYAN,0,2.817,2.817,0,high,33,NA,NA,TYAN,FALSE,FALSE
7/28/16,UMBS,32,15,TYAN,0,2.9661,2.9661,0,high,33,NA,NA,TYAN,FALSE,FALSE
7/28/16,UMBS,32,16,TYAN,1,34.009,25.7556,8.2534,high,33,TYAN,TRUE,TYAN,TRUE,FALSE
7/28/16,UMBS,32,17,TYAN,0,18.32,18.32,0,high,33,NA,NA,TYAN,FALSE,FALSE
7/28/16,UMBS,32,18,TYAN,0,3.5376,3.5376,0,high,33,NA,NA,TYAN,FALSE,FALSE
7/28/16,UMBS,32,20,TYAN,0,3.7516,3.7516,0,high,33,NA,NA,TYAN,FALSE,FALSE
7/28/16,UMBS,32,21,TYAN,0,1.3617,1.3617,0,high,33,NA,NA,TYAN,FALSE,FALSE
7/28/16,UMBS,32,22,TYAN,1,17.709,14.8924,2.8166,high,33,TYAN,TRUE,TYAN,TRUE,FALSE
7/28/16,UMBS,32,23,TYAN,0,5.1683,5.1683,0,high,33,NA,NA,TYAN,FALSE,FALSE
7/28/16,UMBS,32,24,TYAN,1,12.789,10.6391,2.1499,high,33,TYAN,TRUE,TYAN,TRUE,FALSE
7/28/16,UMBS,32,25,TYAN,0,2.8768,2.8768,0,high,33,NA,NA,TYAN,FALSE,FALSE
7/28/16,UMBS,34,1,TYAN,0,3.784,3.784,0,med,9,NA,NA,TYAN,FALSE,FALSE
7/26/16,UMBS,37,1,TYGL,0,29.407,29.407,0,low,0,TYGL,TRUE,TYGL,TRUE,FALSE
7/26/16,UMBS,37,2,TYGL,0,11.0498,11.0498,0,low,0,TYGL,TRUE,TYGL,TRUE,FALSE
7/26/16,UMBS,37,3,TYGL,0,14.9844,14.9844,0,low,0,NA,NA,TYGL,FALSE,FALSE
7/26/16,UMBS,37,4,TYAN,0,9.4878,9.4878,0,low,0,NA,NA,TYAN,FALSE,FALSE
7/26/16,UMBS,37,7,TYAN,0,2.7909,2.7909,0,low,0,TYAN,TRUE,TYAN,TRUE,FALSE
7/26/16,UMBS,37,8,TYGL,0,13.3136,13.3136,0,low,0,NA,NA,TYGL,FALSE,FALSE
7/26/16,UMBS,37,9,TYAN,0,5.9574,5.9574,0,low,0,NA,NA,TYAN,FALSE,FALSE
7/26/16,UMBS,37,10,TYAN,0,2.0186,2.0186,0,low,0,NA,NA,TYAN,FALSE,FALSE
7/26/16,UMBS,37,12,TYAN,0,12.6192,12.6192,0,low,0,NA,NA,TYAN,FALSE,FALSE
7/26/16,UMBS,37,13,TYGL,0,16.6877,16.6877,0,low,0,NA,NA,TYGL,FALSE,FALSE
7/26/16,UMBS,37,14,TYGL,0,13.5122,13.5122,0,low,0,TYGL,TRUE,TYGL,TRUE,FALSE
7/26/16,UMBS,37,15,TYGL,0,24.69,24.69,0,low,0,NA,NA,TYGL,FALSE,FALSE
7/26/16,UMBS,37,19,TYGL,0,11.157,11.157,0,low,0,TYGL,TRUE,TYAN?,TRUE,FALSE
7/26/16,UMBS,37,20,TYGL,0,14.8601,14.8601,0,low,0,NA,NA,TYGL,FALSE,FALSE
7/26/16,UMBS,37,21,TYGL,0,11.8885,11.8885,0,low,0,NA,NA,TYGL,FALSE,FALSE
7/26/16,UMBS,37,22,TYAN,0,8.4698,8.4698,0,low,0,NA,NA,TYAN,FALSE,FALSE
7/26/16,UMBS,37,23,TYAN,0,5.5044,5.5044,0,low,0,NA,NA,TYAN,FALSE,FALSE
7/26/16,UMBS,37,24,TYGL,0,2.8281,2.8281,0,low,0,NA,NA,TYGL,FALSE,FALSE
7/26/16,UMBS,37,25,TYAN,0,0.5376,0.5376,0,low,0,NA,NA,TYAN,FALSE,FALSE
7/26/16,UMBS,37,27,TYAN,0,7.1714,7.1714,0,low,0,NA,NA,TYAN,FALSE,FALSE
7/26/16,UMBS,37,28,TYAN,0,7.3289,7.3289,0,low,0,NA,NA,TYAN,FALSE,FALSE
7/26/16,UMBS,37,29,TYGL,0,12.4343,12.4343,0,low,0,NA,NA,TYAN?,FALSE,FALSE
7/26/16,UMBS,37,30,TYAN,0,8.9784,8.9784,0,low,0,NA,NA,TYAN,FALSE,FALSE
7/26/16,UMBS,37,31,TYAN,0,6.0972,6.0972,0,low,0,NA,NA,TYAN,FALSE,FALSE
7/26/16,UMBS,37,32,TYGL,0,12.6149,12.6149,0,low,0,NA,NA,TYGL,FALSE,FALSE
7/26/16,UMBS,37,33,TYGL,0,14.8634,14.8634,0,low,0,TYGL,TRUE,TYGL,TRUE,FALSE
7/26/16,UMBS,37,34,TYAN,0,13.5681,13.5681,0,low,0,NA,NA,TYAN,FALSE,FALSE
7/26/16,UMBS,37,35,TYGL,0,13.1299,13.1299,0,low,0,TYGL,FALSE,TYAN,TRUE,FALSE
7/26/16,UMBS,37,36,TYAN,0,6.6595,6.6595,0,low,0,NA,NA,TYAN,FALSE,FALSE
7/26/16,UMBS,37,37,TYAN,1,14.1054,10.3192,3.7862,low,0,NA,NA,TYAN,FALSE,FALSE
7/26/16,UMBS,37,39,TYAN,0,0.8357,0.8357,0,low,0,NA,NA,TYAN,FALSE,FALSE
7/26/16,UMBS,37,40,TYGL,0,7.0904,7.0904,0,low,0,TYGL,TRUE,TYAN?,TRUE,FALSE
7/26/16,UMBS,37,41,TYAN,0,0.2535,0.2535,0,low,0,NA,NA,TYAN,FALSE,FALSE
7/26/16,UMBS,37,42,TYAN,0,5.6705,5.6705,0,low,0,NA,NA,TYAN,FALSE,FALSE
7/26/16,UMBS,37,45,TYGL,0,15.3167,15.3167,0,low,0,NA,NA,TYGL,FALSE,FALSE
7/26/16,UMBS,37,46,TYAN,0,14.3872,14.3872,0,low,0,NA,NA,TYAN,FALSE,FALSE
7/26/16,UMBS,37,47,TYAN,0,4.957,4.957,0,low,0,NA,NA,TYAN,FALSE,FALSE
7/26/16,UMBS,37,48,TYAN,0,9.0942,9.0942,0,low,0,NA,NA,TYAN,FALSE,FALSE
7/26/16,UMBS,37,49,TYAN,0,12.31,12.31,0,low,0,NA,NA,TYAN,FALSE,FALSE
7/26/16,UMBS,37,50,TYGL,0,11.0809,11.0809,0,low,0,TYGL,TRUE,TYGL,TRUE,FALSE
7/26/16,UMBS,37,51,TYGL,0,5.9203,5.9203,0,low,0,NA,NA,TYAN?,FALSE,FALSE
7/26/16,UMBS,37,52,TYGL,0,12.5985,12.5985,0,low,0,TYGL,TRUE,TYAN?,TRUE,FALSE
7/26/16,UMBS,37,53,TYGL,0,2.419,2.419,0,low,0,NA,NA,TYGL,FALSE,FALSE
7/26/16,UMBS,37,54,TYAN,0,0.4978,0.4978,0,low,0,NA,NA,TYAN,FALSE,FALSE
7/26/16,UMBS,37,55,TYGL,0,0.8296,0.8296,0,low,0,NA,NA,TYGL,FALSE,FALSE
7/28/16,UMBS,38,2,TYAN,1,18.639,14.5829,4.0561,high,27,NA,NA,TYAN,FALSE,FALSE
7/28/16,UMBS,38,3,TYAN,1,28.955,24.1037,4.8513,high,27,NA,NA,TYAN,FALSE,FALSE
7/28/16,UMBS,38,4,TYAN,1,25.106,20.7294,4.3766,high,27,NA,NA,TYAN,FALSE,FALSE
7/28/16,UMBS,38,5,TYAN,0,8.799,8.799,0,high,27,NA,NA,TYAN,FALSE,FALSE
7/28/16,UMBS,38,7,TYAN,0,2.9409,2.9409,0,high,27,NA,NA,TYAN,FALSE,FALSE
7/28/16,UMBS,38,8,TYAN,0,2.2654,2.2654,0,high,27,NA,NA,TYAN,FALSE,FALSE
7/28/16,UMBS,38,9,TYAN,1,8.068,6.9214,1.1466,high,27,TYAN,TRUE,TYAN,TRUE,FALSE
7/28/16,UMBS,38,11,TYAN,0,10.434,10.434,0,high,27,NA,NA,TYAN,FALSE,FALSE
7/28/16,UMBS,38,12,TYAN,0,1.4651,1.4651,0,high,27,NA,NA,TYAN,FALSE,FALSE
7/28/16,UMBS,38,14,TYAN,0,2.5131,2.5131,0,high,27,NA,NA,TYAN,FALSE,FALSE
7/28/16,UMBS,38,15,TYAN,1,16.075,13.3511,2.7239,high,27,TYAN,TRUE,TYAN,TRUE,FALSE
7/29/16,UMBS,41,1,TYGL,0,54.9,54.9,0,high,39,TYGL,TRUE,TYGL,TRUE,FALSE
7/29/16,UMBS,41,2,TYGL,0,32.4,32.4,0,high,39,NA,NA,TYGL,FALSE,FALSE
7/29/16,UMBS,41,3,TYAN,0,5.3,5.3,0,high,39,NA,NA,TYAN,FALSE,FALSE
7/29/16,UMBS,41,4,TYAN,0,3.9,3.9,0,high,39,NA,NA,TYAN,FALSE,FALSE
7/29/16,UMBS,41,5,TYAN,0,15.5,15.5,0,high,39,NA,NA,TYAN,FALSE,FALSE
7/29/16,UMBS,41,6,TYGL,0,37.9,37.9,0,high,39,NA,NA,TYGL,FALSE,FALSE
7/29/16,UMBS,41,7,TYAN,0,17.5,17.5,0,high,39,NA,NA,TYAN,FALSE,FALSE
7/29/16,UMBS,41,8,TYAN,0,9.3,9.3,0,high,39,NA,NA,TYAN,FALSE,FALSE
7/29/16,UMBS,41,9,TYAN,0,4.1,4.1,0,high,39,NA,NA,TYAN,FALSE,FALSE
7/29/16,UMBS,41,10,TYAN,0,18.9,18.9,0,high,39,NA,NA,TYAN,FALSE,FALSE
7/29/16,UMBS,41,11,TYAN,0,23.5,23.5,0,high,39,NA,NA,TYAN,FALSE,FALSE
7/29/16,UMBS,41,12,TYAN,0,15.6,15.6,0,high,39,NA,NA,TYAN,FALSE,FALSE
7/29/16,UMBS,41,13,TYAN,0,6.3,6.3,0,high,39,NA,NA,TYAN,FALSE,FALSE
7/29/16,UMBS,41,14,TYGL,0,25.9,25.9,0,high,39,NA,NA,TYGL,FALSE,FALSE
7/29/16,UMBS,41,15,TYGL,0,14.7,14.7,0,high,39,NA,NA,TYGL,FALSE,FALSE
7/29/16,UMBS,41,16,TYGL,1,50.485,41.0151,9.4699,high,39,TYGL,TRUE,TYGL,TRUE,FALSE
7/29/16,UMBS,41,17,TYGL,0,51.3,51.3,0,high,39,NA,NA,TYGL,FALSE,FALSE
7/29/16,UMBS,41,18,TYGL,0,37.3,37.3,0,high,39,NA,NA,TYGL,FALSE,FALSE
7/29/16,UMBS,41,19,TYAN,0,4.7,4.7,0,high,39,NA,NA,TYAN,FALSE,FALSE
7/29/16,UMBS,41,20,TYGL,0,27.6,27.6,0,high,39,NA,NA,TYGL,FALSE,FALSE
7/29/16,UMBS,41,21,TYGL,0,30,30,0,high,39,NA,NA,TYGL,FALSE,FALSE
7/28/16,UMBS,44,1,TYGL,1,56.6,45.6034,10.9966,med,15,TYGL,TRUE,TYGL,TRUE,FALSE
7/28/16,UMBS,44,2,TYGL,0,14.6,14.6,0,med,15,NA,NA,TYAN?,FALSE,FALSE
7/28/16,UMBS,44,3,TYGL,1,66.03,51.47,14.56,med,15,NA,NA,TYGL,FALSE,FALSE
7/28/16,UMBS,44,4,TYGL,1,71.59,54.6,16.99,med,15,TYGL,TRUE,TYAN?,TRUE,FALSE
7/27/16,UMBS,45,1,TYAN,1,17.35,16.98,0.37,low,6,TYAN,TRUE,TYAN,TRUE,TRUE
7/27/16,UMBS,45,2,TYAN,1,30.344,22.038,8.306,low,6,NA,NA,TYAN,FALSE,FALSE
7/27/16,UMBS,45,3,TYGL,1,47.519,34.28,13.239,low,6,NA,NA,TYGL,FALSE,FALSE
7/27/16,UMBS,45,4,TYLA,1,48.279,34.616,13.663,low,6,TYLA,FALSE,TYGL,TRUE,FALSE
7/27/16,UMBS,45,5,TYAN,1,23.363,15.8123,7.5507,low,6,NA,NA,TYAN,FALSE,FALSE
7/27/16,UMBS,45,6,TYAN,1,17.598,10.9302,6.6678,low,6,TYAN,TRUE,TYAN,TRUE,FALSE
7/27/16,UMBS,45,7,TYAN,0,0.2428,0.2428,0,low,6,NA,NA,TYAN,FALSE,FALSE
7/21/16,UMBS,48,1,TYGL,1,32.249,26.1141,6.1349,high,45,NA,NA,TYGL,FALSE,FALSE
7/21/16,UMBS,48,2,TYGL,1,62.96,51.3414,11.6186,high,45,NA,NA,TYGL,FALSE,FALSE
7/21/16,UMBS,48,3,TYGL,1,47.319,40.31843,7.00057,high,45,TYGL,TRUE,TYGL,TRUE,FALSE
7/21/16,UMBS,48,4,TYGL,0,15.6571,15.6571,0,high,45,NA,NA,TYGL,FALSE,FALSE
7/21/16,UMBS,48,5,TYGL,1,42.125,35.5168,6.6082,high,45,NA,NA,TYGL,FALSE,FALSE
7/21/16,UMBS,48,6,TYGL,0,8.4342,8.4342,0,high,45,NA,NA,TYGL,FALSE,FALSE
7/21/16,UMBS,48,7,TYGL,1,49.86,40.65,9.21,high,45,NA,NA,TYGL,FALSE,FALSE
7/21/16,UMBS,48,8,TYAN,1,24.907,20.3947,4.5123,high,45,NA,NA,TYAN,FALSE,FALSE
7/21/16,UMBS,48,9,TYAN,0,13.545,13.545,0,high,45,NA,NA,TYAN,FALSE,FALSE
7/21/16,UMBS,48,10,TYAN,0,4.0923,4.0923,0,high,45,NA,NA,TYAN,FALSE,FALSE
7/21/16,UMBS,48,11,TYGL,0,41.417,41.417,0,high,45,NA,NA,TYGL,FALSE,FALSE
7/21/16,UMBS,48,12,TYGL,1,57.276,46.9871,10.2889,high,45,NA,NA,TYGL,FALSE,FALSE
7/21/16,UMBS,48,13,TYGL,1,38.912,31.8834,7.0286,high,45,NA,NA,TYGL,FALSE,FALSE
7/21/16,UMBS,48,14,TYLA,1,78.85,70.4087,8.4413,high,45,TYLA,TRUE,TYLA?,TRUE,FALSE
7/21/16,UMBS,48,15,TYAN,1,25.329,22.3117,3.0173,high,45,TYAN,TRUE,TYAN,TRUE,FALSE
7/21/16,UMBS,48,16,TYAN,1,22.205,19.2258,2.9792,high,45,TYAN,TRUE,TYAN,TRUE,FALSE
7/21/16,UMBS,48,17,TYGL,0,25.036,25.036,0,high,45,NA,NA,TYGL,FALSE,FALSE
7/21/16,UMBS,48,18,TYAN,0,2.3562,2.3562,0,high,45,NA,NA,TYAN,FALSE,FALSE
7/21/16,UMBS,48,19,TYGL,1,58.8567,49.6919,9.1648,high,45,NA,NA,TYGL,FALSE,FALSE
7/21/16,UMBS,48,20,TYGL,0,6.6473,6.6473,0,high,45,NA,NA,TYAN?,FALSE,FALSE
7/21/16,UMBS,48,21,TYGL,0,15.5357,15.5357,0,high,45,NA,NA,TYGL,FALSE,FALSE
7/21/16,UMBS,48,22,TYGL,0,39.09,39.09,0,high,45,TYGL,FALSE,TYLA?,TRUE,FALSE
7/21/16,UMBS,48,23,TYAN,1,10.8347,9.3185,1.5162,high,45,TYAN,TRUE,TYAN,TRUE,FALSE
7/21/16,UMBS,48,24,TYGL,0,8.1065,8.1065,0,high,45,NA,NA,TYAN?,FALSE,FALSE
7/21/16,UMBS,48,25,TYGL,0,21.488,21.488,0,high,45,NA,NA,TYGL,FALSE,FALSE
7/21/16,UMBS,48,26,TYGL,0,15.1871,15.1871,0,high,45,NA,NA,TYAN?,FALSE,FALSE
7/21/16,UMBS,48,27,TYGL,1,51.534,42.0621,9.4719,high,45,NA,NA,TYGL,FALSE,FALSE
7/21/16,UMBS,48,28,TYAN,0,5.138,5.138,0,high,45,NA,NA,TYAN,FALSE,FALSE
7/21/16,UMBS,48,29,TYGL,1,44.734,35.7594,8.9746,high,45,TYGL,TRUE,TYGL,TRUE,FALSE
7/21/16,UMBS,48,31,TYAN,0,2.3532,2.3532,0,high,45,NA,NA,TYAN,FALSE,FALSE
7/21/16,UMBS,48,32,TYGL,0,42.425,42.425,0,high,45,NA,NA,TYGL,FALSE,FALSE
7/21/16,UMBS,48,33,TYGL,0,22.327,22.327,0,high,45,NA,NA,TYAN?,FALSE,FALSE
7/21/16,UMBS,48,34,TYAN,0,11.468,11.468,0,high,45,NA,NA,TYAN,FALSE,FALSE
7/21/16,UMBS,48,35,TYGL,0,30.75,30.75,0,high,45,NA,NA,TYGL,FALSE,FALSE
7/21/16,UMBS,48,36,TYGL,0,26.179,26.179,0,high,45,NA,NA,TYAN?,FALSE,FALSE
7/21/16,UMBS,48,37,TYGL,0,23.113,23.113,0,high,45,NA,NA,TYAN?,FALSE,FALSE
7/21/16,UMBS,48,38,TYAN,0,8.489,8.489,0,high,45,NA,NA,TYAN,FALSE,FALSE
7/21/16,UMBS,48,39,TYGL,0,10.768,10.768,0,high,45,NA,NA,TYAN?,FALSE,FALSE
7/21/16,UMBS,48,40,TYGL,0,8.378,8.378,0,high,45,NA,NA,TYAN?,FALSE,FALSE
7/21/16,UMBS,48,41,TYGL,1,37.235,28.9623,8.2727,high,45,NA,NA,TYGL,FALSE,FALSE
7/21/16,UMBS,48,42,TYGL,0,8.8478,8.8478,0,high,45,NA,NA,TYAN?,FALSE,FALSE
7/21/16,UMBS,48,43,TYAN,0,4.4059,4.4059,0,high,45,NA,NA,TYAN,FALSE,FALSE
7/21/16,UMBS,48,44,TYGL,1,44.294,35.8881,8.4059,high,45,NA,NA,TYGL,FALSE,FALSE
7/21/16,UMBS,48,45,TYGL,0,11.178,11.178,0,high,45,NA,NA,TYAN?,FALSE,FALSE
7/21/16,UMBS,48,46,TYGL,0,3.1315,3.1315,0,high,45,NA,NA,TYAN?,FALSE,FALSE
7/21/16,UMBS,48,47,TYGL,1,42.068,34.642,7.426,high,45,NA,NA,TYGL,FALSE,FALSE
7/21/16,UMBS,48,48,TYAN,0,13.533,13.533,0,high,45,NA,NA,TYAN,FALSE,FALSE
7/21/16,UMBS,48,49,TYAN,0,5.186,5.186,0,high,45,NA,NA,TYAN,FALSE,FALSE
7/21/16,UMBS,48,50,TYAN,0,13.919,13.919,0,high,45,NA,NA,TYAN,FALSE,FALSE
7/21/16,UMBS,48,51,TYGL,0,5.9642,5.9642,0,high,45,NA,NA,TYAN?,FALSE,FALSE
7/21/16,UMBS,48,52,TYAN,0,7.2862,7.2862,0,high,45,NA,NA,TYAN,FALSE,FALSE
7/21/16,UMBS,48,54,TYGL,0,24.771,24.771,0,high,45,NA,NA,TYAN?,FALSE,FALSE
7/21/16,UMBS,48,55,TYGL,0,10.6258,10.6258,0,high,45,NA,NA,TYAN?,FALSE,FALSE
7/21/16,UMBS,48,56,TYGL,1,27.007,22.1878,4.8192,high,45,TYGL,TRUE,TYAN?,TRUE,FALSE
7/21/16,UMBS,48,58,TYGL,0,9.509,9.509,0,high,45,NA,NA,TYAN?,FALSE,FALSE
7/26/16,UMBS,50,1,TYGL,1,41.121,30.5064,10.6146,low,0,TYGL,TRUE,TYGL,TRUE,FALSE
7/26/16,UMBS,50,2,TYGL,0,5.6836,5.6836,0,low,0,TYGL,FALSE,TYAN,TRUE,FALSE
7/26/16,UMBS,50,5,TYGL,0,11.1644,11.1644,0,low,0,NA,NA,TYAN?,FALSE,FALSE
7/26/16,UMBS,50,6,TYAN,0,11.8673,11.8673,0,low,0,NA,NA,TYAN,FALSE,FALSE
7/26/16,UMBS,50,7,TYAN,1,18.5897,13.6561,4.9336,low,0,NA,NA,TYAN,FALSE,FALSE
7/26/16,UMBS,50,8,TYGL,0,10.5611,10.5611,0,low,0,NA,NA,TYAN?,FALSE,FALSE
7/26/16,UMBS,50,9,TYAN,1,18.9412,13.5995,5.3417,low,0,NA,NA,TYAN,FALSE,FALSE
7/26/16,UMBS,50,10,TYAN,1,14.6707,10.5375,4.1332,low,0,NA,NA,TYAN,FALSE,FALSE
7/26/16,UMBS,50,11,TYAN,1,18.7215,12.846,5.8755,low,0,NA,NA,TYAN,FALSE,FALSE
7/26/16,UMBS,50,12,TYAN,1,21.1784,15.1938,5.9846,low,0,NA,NA,TYAN,FALSE,FALSE
7/26/16,UMBS,50,14,TYGL,1,33.524,25.6562,7.8678,low,0,NA,NA,TYGL,FALSE,FALSE
7/26/16,UMBS,50,15,TYAN,0,5.1108,5.1108,0,low,0,NA,NA,TYAN,FALSE,FALSE
7/26/16,UMBS,50,16,TYAN,0,6.4609,6.4609,0,low,0,TYAN,TRUE,TYAN,TRUE,FALSE
7/26/16,UMBS,50,17,TYGL,1,47.115,36.6307,10.4843,low,0,NA,NA,TYGL,FALSE,FALSE
7/26/16,UMBS,50,18,TYGL,1,29.044,22.3012,6.7428,low,0,NA,NA,TYGL,FALSE,FALSE
7/26/16,UMBS,50,19,TYGL,0,8.3899,8.3899,0,low,0,TYGL,FALSE,TYAN,TRUE,FALSE
7/26/16,UMBS,50,20,TYGL,1,26.6501,20.0933,6.5568,low,0,NA,NA,TYGL,FALSE,FALSE
7/26/16,UMBS,50,22,TYAN,1,19.167,13.6755,5.4915,low,0,NA,NA,TYAN,FALSE,FALSE
7/26/16,UMBS,50,23,TYAN,0,9.4198,9.4198,0,low,0,NA,NA,TYAN,FALSE,FALSE
7/26/16,UMBS,50,24,TYGL,1,19.6836,14.1379,5.5457,low,0,NA,NA,TYGL,FALSE,FALSE
7/26/16,UMBS,50,25,TYGL,1,30.7658,23.61,7.1558,low,0,NA,NA,TYGL,FALSE,FALSE
7/26/16,UMBS,50,26,TYGL,0,14.2425,14.2425,0,low,0,NA,NA,TYAN?,FALSE,FALSE
7/26/16,UMBS,50,27,TYGL,0,24.8934,24.8934,0,low,0,NA,NA,TYGL,FALSE,FALSE
7/26/16,UMBS,50,28,TYGL,0,18.1818,18.1818,0,low,0,NA,NA,TYGL,FALSE,FALSE
7/26/16,UMBS,50,29,TYGL,1,41.875,32.429,9.446,low,0,NA,NA,TYGL,FALSE,FALSE
7/26/16,UMBS,50,30,TYAN,0,6.1619,6.1619,0,low,0,NA,NA,TYAN,FALSE,FALSE
7/26/16,UMBS,50,31,TYGL,1,34.752,28.1224,6.6296,low,0,NA,NA,TYGL,FALSE,FALSE
7/26/16,UMBS,50,32,TYGL,1,32.925,25.326,7.599,low,0,NA,NA,TYGL,FALSE,FALSE
7/26/16,UMBS,50,33,TYGL,0,7.1389,7.1389,0,low,0,TYGL,FALSE,TYAN,TRUE,FALSE
7/26/16,UMBS,50,34,TYGL,0,20.7804,20.7804,0,low,0,NA,NA,TYGL,FALSE,FALSE
7/26/16,UMBS,50,35,TYAN,0,6.5359,6.5359,0,low,0,NA,NA,TYAN,FALSE,FALSE
7/26/16,UMBS,50,36,TYAN,0,10.8866,10.8866,0,low,0,NA,NA,TYAN,FALSE,FALSE
7/26/16,UMBS,50,37,TYAN,0,5.9922,5.9922,0,low,0,NA,NA,TYAN,FALSE,FALSE
7/26/16,UMBS,50,38,TYAN,0,9.3898,9.3898,0,low,0,NA,NA,TYAN,FALSE,FALSE
7/26/16,UMBS,50,39,TYAN,0,3.2241,3.2241,0,low,0,NA,NA,TYAN,FALSE,FALSE
7/26/16,UMBS,50,40,TYGL,1,28.5509,21.6861,6.8648,low,0,NA,NA,TYGL,FALSE,FALSE
7/26/16,UMBS,50,41,TYGL,1,23.7098,18.0615,5.6483,low,0,NA,NA,TYGL,FALSE,FALSE
7/26/16,UMBS,50,42,TYGL,1,36.056,27.7313,8.3247,low,0,NA,NA,TYGL,FALSE,FALSE
7/26/16,UMBS,50,43,TYGL,0,4.896,4.896,0,low,0,TYGL,FALSE,TYAN,TRUE,FALSE
7/26/16,UMBS,50,44,TYAN,0,2.998,2.998,0,low,0,NA,NA,TYAN,FALSE,FALSE
7/26/16,UMBS,50,45,TYGL,1,38.388,29.3302,9.0578,low,0,NA,NA,TYGL,FALSE,FALSE
7/26/16,UMBS,50,46,TYAN,0,9.6082,9.6082,0,low,0,NA,NA,TYAN,FALSE,FALSE
7/26/16,UMBS,50,47,TYGL,1,36.284,28.0029,8.2811,low,0,NA,NA,TYGL,FALSE,FALSE
7/26/16,UMBS,50,49,TYAN,0,2.5822,2.5822,0,low,0,NA,NA,TYAN,FALSE,FALSE
7/26/16,UMBS,50,50,TYGL,1,47.537,35.8233,11.7137,low,0,NA,NA,TYGL,FALSE,FALSE
7/26/16,UMBS,50,51,TYAN,1,18.8355,13.9937,4.8418,low,0,NA,NA,TYAN,FALSE,FALSE
7/26/16,UMBS,50,70,TYGL,0,11.6803,11.6803,0,low,0,TYGL,FALSE,TYAN,TRUE,FALSE
7/26/16,UMBS,50,71,TYAN,0,5.0273,5.0273,0,low,0,NA,NA,TYAN,FALSE,FALSE
7/26/16,UMBS,50,72,TYGL,0,0.5507,0.5507,0,low,0,NA,NA,TYGL,FALSE,FALSE